Calculation Date,SOFR,SOFR Date,Daily Calculated Blended HIBOR,Effective Blended HIBOR for SME,,,,,,,,,,,,,,,,
8/5/22,1.53,27/7/2022,,,,,,,,,,,,,,,,,,
8/6/22,2.28,28/7/2022,,,,,,,,,,,,,,,,,,
8/7/22,2.27,29/7/2022,,,,,,,,,,,,,,,,,,
8/8/22,2.27,29/7/2022,,,,,,,,,,,,,,,,,,
8/9/22,2.27,29/7/2022,,,,,,,,,,,,,,,,,,
8/10/22,2.28,1/8/22 0:00,,,,,,,,,,,,,,,,,,
8/11/22,2.3,2/8/22 0:00,,,,,,,,,,,,,,,,,,
8/12/22,2.29,3/8/22 0:00,,,,,,,,,,,,,,,,,,
8/13/22,2.29,4/8/22 0:00,,,,,,,,,,,,,,,,,,
8/14/22,2.28,5/8/22 0:00,,,,,,,,,,,,,,,,,,
8/15/22,2.28,5/8/22 0:00,,,,,,,,,,,,,,,,,,
8/16/22,2.28,5/8/22 0:00,,,,,,,,,,,,,,,,,,
8/17/22,2.29,9/8/22 0:00,,,,,,,,,,,,,,,,,,
8/18/22,2.28,10/8/22 0:00,,,,,,,,,,,,,,,,,,
8/19/22,2.28,11/8/22 0:00,,,,,,,,,,,,,,,,,,
8/20/22,2.28,12/8/22 0:00,,,,,,,,,,,,,,,,,,
8/21/22,2.28,12/8/22 0:00,,,,,,,,,,,,,,,,,,
8/22/22,2.28,12/8/22 0:00,,,,,,,,,,,,,,,,,,
8/23/22,2.29,15/8/2022,,,,,,,,,,,,,,,,,,
8/24/22,2.29,16/8/2022,,,,,,,,,,,,,,,,,,
8/25/22,2.29,17/8/2022,,,,,,,,,,,,,,,,,,
8/26/22,2.28,18/8/2022,,,,,,,,,,,,,,,,,,
8/27/22,2.28,19/8/2022,,,,,,,,,,,,,,,,,,
8/28/22,2.28,19/8/2022,,,,,,,,,,,,,,,,,,
8/29/22,2.28,19/8/2022,,,,,,,,,,,,,,,,,,
8/30/22,2.28,22/8/2022,,,,,,,,,,,,,,,,,,
8/31/22,2.27,23/8/2022,,,,,,,,,,,,,,,,,,
9/1/22,2.27,24/8/2022,,,,,,,,,,,,,,,,,,
9/2/22,2.28,25/8/2022,,,,,,,,,,,,,,,,,,
9/3/22,2.28,26/8/2022,,,,,,,,,,,,,,,,,,
9/4/22,2.28,26/8/2022,,,,,,,,,,,,,,,,,,
9/5/22,2.28,26/8/2022,,,,,,,,,,,,,,,,,,
9/6/22,2.28,26/8/2022,,,,,,,,,,,,,,,,,,
9/7/22,2.28,29/8/2022,,,,,,,,,,,,,,,,,,
9/8/22,2.29,30/8/2022,,,,,,,,,,,,,,,,,,
9/9/22,2.29,31/8/2022,,,,,,,,,,,,,,,,,,
9/10/22,2.29,1/9/22 0:00,,,,,,,,,,,,,,,,,,
9/11/22,2.29,1/9/22 0:00,,,,,,,,,,,,,,,,,,
9/12/22,2.29,1/9/22 0:00,,,,,,,,,,,,,,,,,,
9/13/22,2.29,2/9/22 0:00,,,,,,,,,,,,,,,,,,
9/14/22,2.29,6/9/22 0:00,,,,,,,,,,,,,,,,,,
9/15/22,2.28,7/9/22 0:00,,,,,,,,,,,,,,,,,,
9/16/22,2.28,8/9/22 0:00,,,,,,,,,,,,,,,,,,
9/17/22,2.28,9/9/22 0:00,,,,,,,,,,,,,,,,,,
9/18/22,2.28,9/9/22 0:00,,,,,,,,,,,,,,,,,,
9/19/22,2.28,9/9/22 0:00,,,,,,,,,,,,,,,,,,
9/20/22,2.28,12/9/22 0:00,,,,,,,,,,,,,,,,,,
9/21/22,2.28,13/9/2022,,,,,,,,,,,,,,,,,,
9/22/22,2.27,14/9/2022,,,,,,,,,,,,,,,,,,
9/23/22,2.28,15/9/2022,,,,,,,,,,,,,,,,,,
9/24/22,2.27,16/9/2022,,,,,,,,,,,,,,,,,,
9/25/22,2.27,16/9/2022,,,,,,,,,,,,,,,,,,
9/26/22,2.27,16/9/2022,,,,,,,,,,,,,,,,,,
9/27/22,2.27,19/9/2022,,,,,,,,,,,,,,,,,,
9/28/22,2.26,20/9/2022,,,,,,,,,,,,,,,,,,
9/29/22,2.25,21/9/2022,,,,,,,,,,,,,,,,,,
9/30/22,2.99,22/9/2022,,,,,,,,,,,,,,,,,,
10/1/22,2.99,23/9/2022,,,,,,,,,,,,,,,,,,
10/2/22,2.99,23/9/2022,,,,,,,,,,,,,,,,,,
10/3/22,2.99,23/9/2022,,,,,,,,,,,,,,,,,,
10/4/22,2.99,26/9/2022,,,,,,,,,,,,,,,,,,
10/5/22,2.98,27/9/2022,,,,,,,,,,,,,,,,,,
10/6/22,2.98,28/9/2022,,,,,,,,,,,,,,,,,,
10/7/22,2.96,29/9/2022,,,,,,,,,,,,,,,,,,
10/8/22,2.98,30/9/2022,,,,,,,,,,,,,,,,,,
10/9/22,2.98,30/9/2022,,,,,,,,,,,,,,,,,,
10/10/22,2.98,30/9/2022,,,,,,,,,,,,,,,,,,
10/11/22,2.98,30/9/2022,,,,,,,,,,,,,,,,,,
10/12/22,3,3/10/22 0:00,,,,,,,,,,,,,,,,,,
10/13/22,3.04,4/10/22 0:00,,,,,,,,,,,,,,,,,,
10/14/22,3.04,5/10/22 0:00,,,,,,,,,,,,,,,,,,
10/15/22,3.05,6/10/22 0:00,,,,,,,,,,,,,,,,,,
10/16/22,3.05,6/10/22 0:00,,,,,,,,,,,,,,,,,,
10/17/22,3.05,6/10/22 0:00,,,,,,,,,,,,,,,,,,
10/18/22,3.05,7/10/22 0:00,,,,,,,,,,,,,,,,,,
10/19/22,3.05,11/10/22 0:00,,,,,,,,,,,,,,,,,,
10/20/22,3.04,12/10/22 0:00,,,,,,,,,,,,,,,,,,
10/21/22,3.04,13/10/2022,,,,,,,,,,,,,,,,,,
10/22/22,3.04,14/10/2022,,,,,,,,,,,,,,,,,,
10/23/22,3.04,14/10/2022,,,,,,,,,,,,,,,,,,
10/24/22,3.04,14/10/2022,,,,,,,,,,,,,,,,,,
10/25/22,3.05,17/10/2022,,,,,,,,,,,,,,,,,,
10/26/22,3.04,18/10/2022,,,,,,,,,,,,,,,,,,
10/27/22,3.04,19/10/2022,,,,,,,,,,,,,,,,,,
10/28/22,3.03,20/10/2022,,,,,,,,,,,,,,,,,,
10/29/22,3.02,21/10/2022,,,,,,,,,,,,,,,,,,
10/30/22,3.02,21/10/2022,,,,,,,,,,,,,,,,,,
10/31/22,3.02,21/10/2022,,,,,,,,,,,,,,,,,,
11/1/22,3.01,24/10/2022,,,,,,,,,,,,,,,,,,
11/2/22,3.02,25/10/2022,,,,,,,,,,,,,,,,,,
11/3/22,3.03,26/10/2022,,,,,,,,,,,,,,,,,,
11/4/22,3.04,27/10/2022,,,,,,,,,,,,,,,,,,
11/5/22,3.05,28/10/2022,,,,,,,,,,,,,,,,,,
11/6/22,3.05,28/10/2022,,,,,,,,,,,,,,,,,,
11/7/22,3.05,28/10/2022,,,,,,,,,,,,,,,,,,
11/8/22,3.05,31/10/2022,,,,,,,,,,,,,,,,,,
11/9/22,3.05,1/11/22 0:00,,,,,,,,,,,,,,,,,,
11/10/22,3.05,2/11/22 0:00,,,,,,,,,,,,,,,,,,
11/11/22,3.8,3/11/22 0:00,,,,,,,,,,,,,,,,,,
11/12/22,3.8,3/11/22 0:00,,,,,,,,,,,,,,,,,,
11/13/22,3.8,3/11/22 0:00,,,,,,,,,,,,,,,,,,
11/14/22,3.8,3/11/22 0:00,,,,,,,,,,,,,,,,,,
11/15/22,3.8,4/11/22 0:00,,,,,,,,,,,,,,,,,,
11/16/22,3.78,7/11/22 0:00,,,,,,,,,,,,,,,,,,
11/17/22,3.78,8/11/22 0:00,,,,,,,,,,,,,,,,,,
11/18/22,3.78,9/11/22 0:00,,,,,,,,,,,,,,,,,,
11/19/22,3.78,10/11/22 0:00,,,,,,,,,,,,,,,,,,
11/20/22,3.78,10/11/22 0:00,,,,,,,,,,,,,,,,,,
11/21/22,3.78,10/11/22 0:00,,,,,,,,,,,,,,,,,,
11/22/22,3.79,14/11/2022,,,,,,,,,,,,,,,,,,
11/23/22,3.8,15/11/2022,,,,,,,,,,,,,,,,,,
11/24/22,3.81,16/11/2022,,,,,,,,,,,,,,,,,,
11/25/22,3.81,16/11/2022,,,,,,,,,,,,,,,,,,
11/26/22,3.8,17/11/2022,,,,,,,,,,,,,,,,,,
11/27/22,3.8,17/11/2022,,,,,,,,,,,,,,,,,,
11/28/22,3.8,17/11/2022,,,,,,,,,,,,,,,,,,
11/29/22,3.8,18/11/2022,,,,,,,,,,,,,,,,,,
11/30/22,3.8,21/11/2022,,,,,,,,,,,,,,,,,,
12/1/22,3.8,22/11/2022,,,,,,,,,,,,,,,,,,
12/2/22,3.79,23/11/2022,,,,,,,,,,,,,,,,,,
12/3/22,3.8,25/11/2022,,,,,,,,,,,,,,,,,,
12/4/22,3.8,25/11/2022,,,,,,,,,,,,,,,,,,
12/5/22,3.8,25/11/2022,,,,,,,,,,,,,,,,,,
12/6/22,3.8,28/11/2022,,,,,,,,,,,,,,,,,,
12/7/22,3.81,29/11/2022,,,,,,,,,,,,,,,,,,
12/8/22,3.82,30/11/2022,,,,,,,,,,,,,,,,,,
12/9/22,3.82,1/12/22 0:00,,,,,,,,,,,,,,,,,,
12/10/22,3.81,2/12/22 0:00,,,,,,,,,,,,,,,,,,
12/11/22,3.81,2/12/22 0:00,,,,,,,,,,,,,,,,,,
12/12/22,3.81,2/12/22 0:00,,,,,,,,,,,,,,,,,,
12/13/22,3.81,5/12/22 0:00,,,,,,,,,,,,,,,,,,
12/14/22,3.8,6/12/22 0:00,,,,,,,,,,,,,,,,,,
12/15/22,3.8,7/12/22 0:00,,,,,,,,,,,,,,,,,,
12/16/22,3.8,8/12/22 0:00,,,,,,,,,,,,,,,,,,
12/17/22,3.8,9/12/22 0:00,,,,,,,,,,,,,,,,,,
12/18/22,3.8,9/12/22 0:00,,,,,,,,,,,,,,,,,,
12/19/22,3.8,9/12/22 0:00,,,,,,,,,,,,,,,,,,
12/20/22,3.8,12/12/22 0:00,,,,,,,,,,,,,,,,,,
12/21/22,3.8,13/12/2022,,,,,,,,,,,,,,,,,,
12/22/22,3.8,14/12/2022,,,,,,,,,,,,,,,,,,
12/23/22,4.32,15/12/2022,,,,,,,,,,,,,,,,,,
12/24/22,4.32,16/12/2022,,,,,,,,,,,,,,,,,,
12/25/22,4.32,16/12/2022,,,,,,,,,,,,,,,,,,
12/26/22,4.32,16/12/2022,,,,,,,,,,,,,,,,,,
12/27/22,4.32,16/12/2022,,,,,,,,,,,,,,,,,,
12/28/22,4.3,19/12/2022,,,,,,,,,,,,,,,,,,
12/29/22,4.3,20/12/2022,,,,,,,,,,,,,,,,,,
12/30/22,4.3,21/12/2022,,,,,,,,,,,,,,,,,,
12/31/22,4.3,22/12/2022,,,,,,,,,,,,,,,,,,
1/1/23,4.3,22/12/2022,,,,,,,,,,,,,,,,,,
1/2/23,4.3,22/12/2022,,,,,,,,,,,,,,,,,,
1/3/23,4.3,22/12/2022,,,,,,,,,,,,,,,,,,
1/4/23,4.3,23/12/2022,,,,,,,,,,,,,,,,,,
1/5/23,4.3,27/12/2022,,,,,,,,,,,,,,,,,,
1/6/23,4.3,28/12/2022,,,,,,,,,,,,,,,,,,
1/7/23,4.3,29/12/2022,,,,,,,,,,,,,,,,,,
1/8/23,4.3,29/12/2022,,,,,,,,,,,,,,,,,,
1/9/23,4.3,29/12/2022,,,,,,,,,,,,,,,,,,
1/10/23,4.3,30/12/2022,,,,,,,,,,,,,,,,,,
1/11/23,4.31,3/1/23 0:00,,,,,,,,,,,,,,,,,,
1/12/23,4.3,4/1/23 0:00,,,,,,,,,,,,,,,,,,
1/13/23,4.31,5/1/23 0:00,,,,,,,,,,,,,,,,,,
1/14/23,4.31,6/1/23 0:00,,,,,,,,,,,,,,,,,,
1/15/23,4.31,6/1/23 0:00,,,,,,,,,,,,,,,,,,
1/16/23,4.31,6/1/23 0:00,,,,,,,,,,,,,,,,,,
1/17/23,4.31,6/1/23 0:00,,,,,,,,,,,,,,,,,,
1/18/23,4.31,9/1/23 0:00,,,,,,,,,,,,,,,,,,
1/19/23,4.31,10/1/23 0:00,,,,,,,,,,,,,,,,,,
1/20/23,4.3,11/1/23 0:00,,,,,,,,,,,,,,,,,,
1/21/23,4.3,12/1/23 0:00,,,,,,,,,,,,,,,,,,
1/22/23,4.3,12/1/23 0:00,,,,,,,,,,,,,,,,,,
1/23/23,4.3,12/1/23 0:00,,,,,,,,,,,,,,,,,,
1/24/23,4.3,13/1/2023,,,,,,,,,,,,,,,,,,
1/25/23,4.31,17/1/2023,,,,,,,,,,,,,,,,,,
1/26/23,4.3,18/1/2023,,,,,,,,,,,,,,,,,,
1/27/23,4.31,19/1/2023,,,,,,,,,,,,,,,,,,
1/28/23,4.3,20/1/2023,,,,,,,,,,,,,,,,,,
1/29/23,4.3,20/1/2023,,,,,,,,,,,,,,,,,,
1/30/23,4.3,20/1/2023,,,,,,,,,,,,,,,,,,
1/31/23,4.3,23/1/2023,,,,,,,,,,,,,,,,,,
2/1/23,4.3,24/1/2023,,,,,,,,,,,,,,,,,,
2/2/23,4.31,25/1/2023,,,,,,,,,,,,,,,,,,
2/3/23,4.3,26/1/2023,,,,,,,,,,,,,,,,,,
2/4/23,4.3,27/1/2023,,,,,,,,,,,,,,,,,,
2/5/23,4.3,27/1/2023,,,,,,,,,,,,,,,,,,
2/6/23,4.3,27/1/2023,,,,,,,,,,,,,,,,,,
2/7/23,4.3,30/1/2023,,,,,,,,,,,,,,,,,,
2/8/23,4.31,31/1/2023,,,,,,,,,,,,,,,,,,
2/9/23,4.31,1/2/23 0:00,,,,,,,,,,,,,,,,,,
2/10/23,4.56,2/2/23 0:00,,,,,,,,,,,,,,,,,,
2/11/23,4.55,3/2/23 0:00,,,,,,,,,,,,,,,,,,
2/12/23,4.55,3/2/23 0:00,,,,,,,,,,,,,,,,,,
2/13/23,4.55,3/2/23 0:00,,,,,,,,,,,,,,,,,,
2/14/23,4.55,6/2/23 0:00,,,,,,,,,,,,,,,,,,
2/15/23,4.55,7/2/23 0:00,,,,,,,,,,,,,,,,,,
2/16/23,4.55,8/2/23 0:00,,,,,,,,,,,,,,,,,,
2/17/23,4.55,9/2/23 0:00,,,,,,,,,,,,,,,,,,
2/18/23,4.55,10/2/23 0:00,,,,,,,,,,,,,,,,,,
2/19/23,4.55,10/2/23 0:00,,,,,,,,,,,,,,,,,,
2/20/23,4.55,10/2/23 0:00,,,,,,,,,,,,,,,,,,
2/21/23,4.55,10/2/23 0:00,,,,,,,,,,,,,,,,,,
2/22/23,4.55,13/2/2023,,,,,,,,,,,,,,,,,,
2/23/23,4.55,14/2/2023,,,,,,,,,,,,,,,,,,
2/24/23,4.55,15/2/2023,,,,,,,,,,,,,,,,,,
2/25/23,4.55,16/2/2023,,,,,,,,,,,,,,,,,,
2/26/23,4.55,16/2/2023,,,,,,,,,,,,,,,,,,
2/27/23,4.55,16/2/2023,,,,,,,,,,,,,,,,,,
2/28/23,4.55,17/2/2023,,,,,,,,,,,,,,,,,,
3/1/23,4.55,21/2/2023,,,,,,,,,,,,,,,,,,
3/2/23,4.55,22/2/2023,,,,,,,,,,,,,,,,,,
3/3/23,4.55,23/2/2023,,,,,,,,,,,,,,,,,,
3/4/23,4.55,24/2/2023,,,,,,,,,,,,,,,,,,
3/5/23,4.55,24/2/2023,,,,,,,,,,,,,,,,,,
3/6/23,4.55,24/2/2023,,,,,,,,,,,,,,,,,,
3/7/23,4.55,27/2/2023,,,,,,,,,,,,,,,,,,
3/8/23,4.55,28/2/2023,,,,,,,,,,,,,,,,,,
3/9/23,4.55,1/3/23 0:00,,,,,,,,,,,,,,,,,,
3/10/23,4.55,2/3/23 0:00,,,,,,,,,,,,,,,,,,
3/11/23,4.55,3/3/23 0:00,,,,,,,,,,,,,,,,,,
3/12/23,4.55,3/3/23 0:00,,,,,,,,,,,,,,,,,,
3/13/23,4.55,3/3/23 0:00,,,,,,,,,,,,,,,,,,
3/14/23,4.55,6/3/23 0:00,,,,,,,,,,,,,,,,,,
3/15/23,4.55,7/3/23 0:00,,,,,,,,,,,,,,,,,,
3/16/23,4.55,8/3/23 0:00,,,,,,,,,,,,,,,,,,
3/17/23,4.55,9/3/23 0:00,,,,,,,,,,,,,,,,,,
3/18/23,4.55,10/3/23 0:00,,,,,,,,,,,,,,,,,,
3/19/23,4.55,10/3/23 0:00,,,,,,,,,,,,,,,,,,
3/20/23,4.55,10/3/23 0:00,,,,,,,,,,,,,,,,,,
3/21/23,4.55,13/3/2023,,,,,,,,,,,,,,,,,,
3/22/23,4.55,14/3/2023,,,,,,,,,,,,,,,,,,
3/23/23,4.58,15/3/2023,,,,,,,,,,,,,,,,,,
3/24/23,4.57,16/3/2023,,,,,,,,,,,,,,,,,,
3/25/23,4.55,17/3/2023,,,,,,,,,,,,,,,,,,
3/26/23,4.55,17/3/2023,,,,,,,,,,,,,,,,,,
3/27/23,4.55,17/3/2023,,,,,,,,,,,,,,,,,,
3/28/23,4.55,20/3/2023,,,,,,,,,,,,,,,,,,
3/29/23,4.55,21/3/2023,,,,,,,,,,,,,,,,,,
3/30/23,4.55,22/3/2023,,,,,,,,,,,,,,,,,,
3/31/23,4.8,23/3/2023,,,,,,,,,,,,,,,,,,
4/1/23,4.8,24/3/2023,,,,,,,,,,,,,,,,,,
4/2/23,4.8,24/3/2023,,,,,,,,,,,,,,,,,,
4/3/23,4.8,24/3/2023,,,,,,,,,,,,,,,,,,
4/4/23,4.81,27/3/2023,,,,,,,,,,,,,,,,,,
4/5/23,4.84,28/3/2023,,,,,,,,,,,,,,,,,,
4/6/23,4.83,29/3/2023,,,,,,,,,,,,,,,,,,
4/7/23,4.82,30/3/2023,,,,,,,,,,,,,,,,,,
4/8/23,4.82,30/3/2023,,,,,,,,,,,,,,,,,,
4/9/23,4.82,30/3/2023,,,,,,,,,,,,,,,,,,
4/10/23,4.82,30/3/2023,,,,,,,,,,,,,,,,,,
4/11/23,4.87,31/3/2023,,,,,,,,,,,,,,,,,,
4/12/23,4.84,3/4/23 0:00,,,,,,,,,,,,,,,,,,
4/13/23,4.83,4/4/23 0:00,,,,,,,,,,,,,,,,,,
4/14/23,4.81,5/4/23 0:00,,,,,,,,,,,,,,,,,,
4/15/23,4.81,6/4/23 0:00,,,,,,,,,,,,,,,,,,
4/16/23,4.81,6/4/23 0:00,,,,,,,,,,,,,,,,,,
4/17/23,4.81,6/4/23 0:00,,,,,,,,,,,,,,,,,,
4/18/23,4.81,10/4/23 0:00,,,,,,,,,,,,,,,,,,
4/19/23,4.8,11/4/23 0:00,,,,,,,,,,,,,,,,,,
4/20/23,4.8,12/4/23 0:00,,,,,,,,,,,,,,,,,,
4/21/23,4.8,13/4/2023,,,,,,,,,,,,,,,,,,
4/22/23,4.8,14/4/2023,,,,,,,,,,,,,,,,,,
4/23/23,4.8,14/4/2023,,,,,,,,,,,,,,,,,,
4/24/23,4.8,14/4/2023,,,,,,,,,,,,,,,,,,
4/25/23,4.8,17/4/2023,,,,,,,,,,,,,,,,,,
4/26/23,4.8,18/4/2023,,,,,,,,,,,,,,,,,,
4/27/23,4.8,19/4/2023,,,,,,,,,,,,,,,,,,
4/28/23,4.8,20/4/2023,,,,,,,,,,,,,,,,,,
4/29/23,4.8,21/4/2023,,,,,,,,,,,,,,,,,,
4/30/23,4.8,21/4/2023,,,,,,,,,,,,,,,,,,
5/1/23,4.8,21/4/2023,,,,,,,,,,,,,,,,,,
5/2/23,4.8,24/4/2023,,,,,,,,,,,,,,,,,,
5/3/23,4.8,25/4/2023,,,,,,,,,,,,,,,,,,
5/4/23,4.8,26/4/2023,,,,,,,,,,,,,,,,,,
5/5/23,4.81,27/4/2023,,,,,,,,,,,,,,,,,,
5/6/23,4.81,28/4/2023,,,,,,,,,,,,,,,,,,
5/7/23,4.81,28/4/2023,,,,,,,,,,,,,,,,,,
5/8/23,4.81,28/4/2023,,,,,,,,,,,,,,,,,,
5/9/23,4.81,1/5/23 0:00,,,,,,,,,,,,,,,,,,
5/10/23,4.81,2/5/23 0:00,,,,,,,,,,,,,,,,,,
5/11/23,4.81,3/5/23 0:00,,,,,,,,,,,,,,,,,,
5/12/23,5.06,4/5/23 0:00,,,,,,,,,,,,,,,,,,
5/13/23,5.06,5/5/23 0:00,,,,,,,,,,,,,,,,,,
5/14/23,5.06,5/5/23 0:00,,,,,,,,,,,,,,,,,,
5/15/23,5.06,5/5/23 0:00,,,,,,,,,,,,,,,,,,
5/16/23,5.06,8/5/23 0:00,,,,,,,,,,,,,,,,,,
5/17/23,5.06,9/5/23 0:00,,,,,,,,,,,,,,,,,,
5/18/23,5.06,10/5/23 0:00,,,,,,,,,,,,,,,,,,
5/19/23,5.05,11/5/23 0:00,,,,,,,,,,,,,,,,,,
5/20/23,5.05,12/5/23 0:00,,,,,,,,,,,,,,,,,,
5/21/23,5.05,12/5/23 0:00,,,,,,,,,,,,,,,,,,
5/22/23,5.05,12/5/23 0:00,,,,,,,,,,,,,,,,,,
5/23/23,5.06,15/5/2023,,,,,,,,,,,,,,,,,,
5/24/23,5.05,16/5/2023,,,,,,,,,,,,,,,,,,
5/25/23,5.05,17/5/2023,,,,,,,,,,,,,,,,,,
5/26/23,5.05,18/5/2023,,,,,,,,,,,,,,,,,,
5/27/23,5.05,19/5/2023,,,,,,,,,,,,,,,,,,
5/28/23,5.05,19/5/2023,,,,,,,,,,,,,,,,,,
5/29/23,5.05,19/5/2023,,,,,,,,,,,,,,,,,,
5/30/23,5.05,19/5/2023,,,,,,,,,,,,,,,,,,
5/31/23,5.05,22/5/2023,,,,,,,,,,,,,,,,,,
6/1/23,5.05,23/5/2023,,,,,,,,,,,,,,,,,,
6/2/23,5.05,24/5/2023,,,,,,,,,,,,,,,,,,
6/3/23,5.06,25/5/2023,,,,,,,,,,,,,,,,,,
6/4/23,5.06,25/5/2023,,,,,,,,,,,,,,,,,,
6/5/23,5.06,25/5/2023,,,,,,,,,,,,,,,,,,
6/6/23,5.06,26/5/2023,,,,,,,,,,,,,,,,,,
6/7/23,5.06,30/5/2023,,,,,,,,,,,,,,,,,,
6/8/23,5.08,31/5/2023,,,,,,,,,,,,,,,,,,
6/9/23,5.08,1/6/23 0:00,,,,,,,,,,,,,,,,,,
6/10/23,5.07,2/6/23 0:00,,,,,,,,,,,,,,,,,,
6/11/23,5.07,2/6/23 0:00,,,,,,,,,,,,,,,,,,
6/12/23,5.07,2/6/23 0:00,,,,,,,,,,,,,,,,,,
6/13/23,5.06,5/6/23 0:00,,,,,,,,,,,,,,,,,,
6/14/23,5.05,6/6/23 0:00,,,,,,,,,,,,,,,,,,
6/15/23,5.05,7/6/23 0:00,,,,,,,,,,,,,,,,,,
6/16/23,5.05,8/6/23 0:00,,,,,,,,,,,,,,,,,,
6/17/23,5.05,8/6/23 0:00,,,,,,,,,,,,,,,,,,
6/18/23,5.05,8/6/23 0:00,,,,,,,,,,,,,,,,,,
6/19/23,5.05,8/6/23 0:00,,,,,,,,,,,,,,,,,,
6/20/23,5.05,12/6/23 0:00,,,,,,,,,,,,,,,,,,
6/21/23,5.05,13/6/2023,,,,,,,,,,,,,,,,,,
6/22/23,5.05,14/6/2023,,,,,,,,,,,,,,,,,,
6/23/23,5.05,14/6/2023,,,,,,,,,,,,,,,,,,
6/24/23,5.06,15/6/2023,,,,,,,,,,,,,,,,,,
6/25/23,5.06,15/6/2023,,,,,,,,,,,,,,,,,,
6/26/23,5.06,15/6/2023,,,,,,,,,,,,,,,,,,
6/27/23,5.05,16/6/2023,,,,,,,,,,,,,,,,,,
6/28/23,5.05,20/6/2023,,,,,,,,,,,,,,,,,,
6/29/23,5.05,21/6/2023,,,,,,,,,,,,,,,,,,
6/30/23,5.05,22/6/2023,,,,,,,,,,,,,,,,,,
7/1/23,5.05,22/6/2023,,,,,,,,,,,,,,,,,,
7/2/23,5.05,22/6/2023,,,,,,,,,,,,,,,,,,
7/3/23,5.05,22/6/2023,,,,,,,,,,,,,,,,,,
7/4/23,5.05,26/6/2023,,,,,,,,,,,,,,,,,,
7/5/23,5.05,27/6/2023,,,,,,,,,,,,,,,,,,
7/6/23,5.05,27/6/2023,,,,,,,,,,,,,,,,,,
7/7/23,5.06,29/6/2023,,,,,,,,,,,,,,,,,,
7/8/23,5.06,29/6/2023,,,,,,,,,,,,,,,,,,
7/9/23,5.06,29/6/2023,,,,,,,,,,,,,,,,,,
7/10/23,5.06,29/6/2023,,,,,,,,,,,,,,,,,,
7/11/23,5.09,30/6/2023,,,,,,,,,,,,,,,,,,
7/12/23,5.06,3/7/23 0:00,,,,,,,,,,,,,,,,,,
7/13/23,5.06,5/7/23 0:00,,,,,,,,,,,,,,,,,,
7/14/23,5.06,6/7/23 0:00,,,,,,,,,,,,,,,,,,
7/15/23,5.06,6/7/23 0:00,,,,,,,,,,,,,,,,,,
7/16/23,5.06,6/7/23 0:00,,,,,,,,,,,,,,,,,,
7/17/23,5.06,6/7/23 0:00,,,,,,,,,,,,,,,,,,
7/18/23,5.06,10/7/23 0:00,,,,,,,,,,,,,,,,,,
7/19/23,5.06,11/7/23 0:00,,,,,,,,,,,,,,,,,,
7/20/23,5.05,12/7/23 0:00,,,,,,,,,,,,,,,,,,
7/21/23,5.06,13/7/2023,,,,,,,,,,,,,,,,,,
7/22/23,5.05,14/7/2023,,,,,,,,,,,,,,,,,,
7/23/23,5.05,14/7/2023,,,,,,,,,,,,,,,,,,
7/24/23,5.05,14/7/2023,,,,,,,,,,,,,,,,,,
7/25/23,5.06,17/7/2023,,,,,,,,,,,,,,,,,,
7/26/23,5.06,18/7/2023,,,,,,,,,,,,,,,,,,
7/27/23,5.05,19/7/2023,,,,,,,,,,,,,,,,,,
7/28/23,5.06,20/7/2023,,,,,,,,,,,,,,,,,,
7/29/23,5.05,21/7/2023,,,,,,,,,,,,,,,,,,
7/30/23,5.05,21/7/2023,,,,,,,,,,,,,,,,,,
7/31/23,5.05,21/7/2023,,,,,,,,,,,,,,,,,,
8/1/23,5.05,24/7/2023,,,,,,,,,,,,,,,,,,
8/2/23,5.06,25/7/2023,,,,,,,,,,,,,,,,,,
8/3/23,5.06,26/7/2023,,,,,,,,,,,,,,,,,,
8/4/23,5.31,27/7/2023,,,,,,,,,,,,,,,,,,
8/5/23,5.3,28/7/2023,,,,,,,,,,,,,,,,,,
8/6/23,5.3,28/7/2023,,,,,,,,,,,,,,,,,,
8/7/23,5.3,28/7/2023,,,,,,,,,,,,,,,,,,
8/8/23,5.31,31/7/2023,,,,,,,,,,,,,,,,,,
8/9/23,5.31,1/8/23 0:00,,,,,,,,,,,,,,,,,,
8/10/23,5.3,2/8/23 0:00,,,,,,,,,,,,,,,,,,
8/11/23,5.3,3/8/23 0:00,,,,,,,,,,,,,,,,,,
8/12/23,5.3,4/8/23 0:00,,,,,,,,,,,,,,,,,,
8/13/23,5.3,4/8/23 0:00,,,,,,,,,,,,,,,,,,
8/14/23,5.3,4/8/23 0:00,,,,,,,,,,,,,,,,,,
8/15/23,5.3,7/8/23 0:00,,,,,,,,,,,,,,,,,,
8/16/23,5.3,8/8/23 0:00,,,,,,,,,,,,,,,,,,
8/17/23,5.3,9/8/23 0:00,,,,,,,,,,,,,,,,,,
8/18/23,5.3,10/8/23 0:00,,,,,,,,,,,,,,,,,,
8/19/23,5.3,11/8/23 0:00,,,,,,,,,,,,,,,,,,
8/20/23,5.3,11/8/23 0:00,,,,,,,,,,,,,,,,,,
8/21/23,5.3,11/8/23 0:00,,,,,,,,,,,,,,,,,,
8/22/23,5.3,14/8/2023,,,,,,,,,,,,,,,,,,
8/23/23,5.3,15/8/2023,,,,,,,,,,,,,,,,,,
8/24/23,5.3,16/8/2023,,,,,,,,,,,,,,,,,,
8/25/23,5.3,17/8/2023,,,,,,,,,,,,,,,,,,
8/26/23,5.3,18/8/2023,,,,,,,,,,,,,,,,,,
8/27/23,5.3,18/8/2023,,,,,,,,,,,,,,,,,,
8/28/23,5.3,18/8/2023,,,,,,,,,,,,,,,,,,
8/29/23,5.3,21/8/2023,,,,,,,,,,,,,,,,,,
8/30/23,5.3,22/8/2023,,,,,,,,,,,,,,,,,,
8/31/23,5.3,23/8/2023,,,,,,,,,,,,,,,,,,
9/1/23,5.3,24/8/2023,,,,,,,,,,,,,,,,,,
9/2/23,5.3,25/8/2023,,,,,,,,,,,,,,,,,,
9/3/23,5.3,25/8/2023,,,,,,,,,,,,,,,,,,
9/4/23,5.3,25/8/2023,,,,,,,,,,,,,,,,,,
9/5/23,5.3,25/8/2023,,,,,,,,,,,,,,,,,,
9/6/23,5.3,28/8/2023,,,,,,,,,,,,,,,,,,
9/7/23,5.3,29/8/2023,,,,,,,,,,,,,,,,,,
9/8/23,5.3,30/8/2023,,,,,,,,,,,,,,,,,,
9/9/23,5.31,31/8/2023,,,,,,,,,,,,,,,,,,
9/10/23,5.31,31/8/2023,,,,,,,,,,,,,,,,,,
9/11/23,5.31,31/8/2023,,,,,,,,,,,,,,,,,,
9/12/23,5.31,1/9/23 0:00,,,,,,,,,,,,,,,,,,
9/13/23,5.31,5/9/23 0:00,,,,,,,,,,,,,,,,,,
9/14/23,5.3,6/9/23 0:00,,,,,,,,,,,,,,,,,,
9/15/23,5.31,7/9/23 0:00,,,,,,,,,,,,,,,,,,
9/16/23,5.3,8/9/23 0:00,,,,,,,,,,,,,,,,,,
9/17/23,5.3,8/9/23 0:00,,,,,,,,,,,,,,,,,,
9/18/23,5.3,8/9/23 0:00,,,,,,,,,,,,,,,,,,
9/19/23,5.3,11/9/23 0:00,,,,,,,,,,,,,,,,,,
9/20/23,5.3,12/9/23 0:00,,,,,,,,,,,,,,,,,,
9/21/23,5.3,13/9/2023,,,,,,,,,,,,,,,,,,
9/22/23,5.3,14/9/2023,,,,,,,,,,,,,,,,,,
9/23/23,5.31,15/9/2023,,,,,,,,,,,,,,,,,,
9/24/23,5.31,15/9/2023,,,,,,,,,,,,,,,,,,
9/25/23,5.31,15/9/2023,,,,,,,,,,,,,,,,,,
9/26/23,5.31,18/9/2023,,,,,,,,,,,,,,,,,,
9/27/23,5.31,19/9/2023,,,,,,,,,,,,,,,,,,
9/28/23,5.3,20/9/2023,,,,,,,,,,,,,,,,,,
9/29/23,5.3,21/9/2023,,,,,,,,,,,,,,,,,,
9/30/23,5.3,22/9/2023,,,,,,,,,,,,,,,,,,
10/1/23,5.3,22/9/2023,,,,,,,,,,,,,,,,,,
10/2/23,5.3,22/9/2023,,,,,,,,,,,,,,,,,,
10/3/23,5.31,25/9/2023,,,,,,,,,,,,,,,,,,
10/4/23,5.31,26/9/2023,,,,,,,,,,,,,,,,,,
10/5/23,5.32,27/9/2023,,,,,,,,,,,,,,,,,,
10/6/23,5.31,28/9/2023,,,,,,,,,,,,,,,,,,
10/7/23,5.31,29/9/2023,,,,,,,,,,,,,,,,,,
10/8/23,5.31,29/9/2023,,,,,,,,,,,,,,,,,,
10/9/23,5.31,29/9/2023,,,,,,,,,,,,,,,,,,
10/10/23,5.31,29/9/2023,,,,,,,,,,,,,,,,,,
10/11/23,5.32,2/10/23 0:00,,,,,,,,,,,,,,,,,,
10/12/23,5.33,3/10/23 0:00,,,,,,,,,,,,,,,,,,
10/13/23,5.32,4/10/23 0:00,,,,,,,,,,,,,,,,,,
10/14/23,5.32,5/10/23 0:00,,,,,,,,,,,,,,,,,,
10/15/23,5.32,5/10/23 0:00,,,,,,,,,,,,,,,,,,
10/16/23,5.32,5/10/23 0:00,,,,,,,,,,,,,,,,,,
10/17/23,5.31,6/10/23 0:00,,,,,,,,,,,,,,,,,,
10/18/23,5.31,10/10/23 0:00,,,,,,,,,,,,,,,,,,
10/19/23,5.31,11/10/23 0:00,,,,,,,,,,,,,,,,,,
10/20/23,5.31,12/10/23 0:00,,,,,,,,,,,,,,,,,,
10/21/23,5.31,13/10/2023,,,,,,,,,,,,,,,,,,
10/22/23,5.31,13/10/2023,,,,,,,,,,,,,,,,,,
10/23/23,5.31,13/10/2023,,,,,,,,,,,,,,,,,,
10/24/23,5.31,16/10/2023,,,,,,,,,,,,,,,,,,
10/25/23,5.31,17/10/2023,,,,,,,,,,,,,,,,,,
10/26/23,5.3,18/10/2023,,,,,,,,,,,,,,,,,,
10/27/23,5.3,19/10/2023,,,,,,,,,,,,,,,,,,
10/28/23,5.3,20/10/2023,,,,,,,,,,,,,,,,,,
10/29/23,5.3,20/10/2023,,,,,,,,,,,,,,,,,,
10/30/23,5.3,20/10/2023,,,,,,,,,,,,,,,,,,
10/31/23,5.3,23/10/2023,,,,,,,,,,,,,,,,,,
11/1/23,5.3,24/10/2023,,,,,,,,,,,,,,,,,,
11/2/23,5.3,25/10/2023,,,,,,,,,,,,,,,,,,
11/3/23,5.31,26/10/2023,,,,,,,,,,,,,,,,,,
11/4/23,5.31,27/10/2023,,,,,,,,,,,,,,,,,,
11/5/23,5.31,27/10/2023,,,,,,,,,,,,,,,,,,
11/6/23,5.31,27/10/2023,,,,,,,,,,,,,,,,,,
11/7/23,5.31,30/10/2023,,,,,,,,,,,,,,,,,,
11/8/23,5.35,31/10/2023,,,,,,,,,,,,,,,,,,
11/9/23,5.32,1/11/23 0:00,,,,,,,,,,,,,,,,,,
11/10/23,5.33,2/11/23 0:00,,,,,,,,,,,,,,,,,,
11/11/23,5.32,3/11/23 0:00,,,,,,,,,,,,,,,,,,
11/12/23,5.32,3/11/23 0:00,,,,,,,,,,,,,,,,,,
11/13/23,5.32,3/11/23 0:00,,,,,,,,,,,,,,,,,,
11/14/23,5.32,6/11/23 0:00,,,,,,,,,,,,,,,,,,
11/15/23,5.32,7/11/23 0:00,,,,,,,,,,,,,,,,,,
11/16/23,5.32,8/11/23 0:00,,,,,,,,,,,,,,,,,,
11/17/23,5.32,9/11/23 0:00,,,,,,,,,,,,,,,,,,
11/18/23,5.32,10/11/23 0:00,,,,,,,,,,,,,,,,,,
11/19/23,5.32,10/11/23 0:00,,,,,,,,,,,,,,,,,,
11/20/23,5.32,10/11/23 0:00,,,,,,,,,,,,,,,,,,
11/21/23,5.32,13/11/2023,,,,,,,,,,,,,,,,,,
11/22/23,5.32,14/11/2023,,,,,,,,,,,,,,,,,,
11/23/23,5.32,15/11/2023,,,,,,,,,,,,,,,,,,
11/24/23,5.32,15/11/2023,,,,,,,,,,,,,,,,,,
11/25/23,5.32,16/11/2023,,,,,,,,,,,,,,,,,,
11/26/23,5.32,16/11/2023,,,,,,,,,,,,,,,,,,
11/27/23,5.32,16/11/2023,,,,,,,,,,,,,,,,,,
11/28/23,5.32,17/11/2023,,,,,,,,,,,,,,,,,,
11/29/23,5.31,20/11/2023,,,,,,,,,,,,,,,,,,
11/30/23,5.31,21/11/2023,,,,,,,,,,,,,,,,,,
12/1/23,5.31,22/11/2023,,,,,,,,,,,,,,,,,,
12/2/23,5.32,24/11/2023,,,,,,,,,,,,,,,,,,
12/3/23,5.32,24/11/2023,,,,,,,,,,,,,,,,,,
12/4/23,5.32,24/11/2023,,,,,,,,,,,,,,,,,,
12/5/23,5.32,27/11/2023,,,,,,,,,,,,,,,,,,
12/6/23,5.32,28/11/2023,,,,,,,,,,,,,,,,,,
12/7/23,5.31,29/11/2023,,,,,,,,,,,,,,,,,,
12/8/23,5.33,30/11/2023,,,,,,,,,,,,,,,,,,
12/9/23,5.39,1/12/23 0:00,,,,,,,,,,,,,,,,,,
12/10/23,5.39,1/12/23 0:00,,,,,,,,,,,,,,,,,,
12/11/23,5.39,1/12/23 0:00,,,,,,,,,,,,,,,,,,
12/12/23,5.37,4/12/23 0:00,,,,,,,,,,,,,,,,,,
12/13/23,5.33,5/12/23 0:00,,,,,,,,,,,,,,,,,,
12/14/23,5.32,6/12/23 0:00,,,,,,,,,,,,,,,,,,
12/15/23,5.32,7/12/23 0:00,,,,,,,,,,,,,,,,,,
12/16/23,5.32,8/12/23 0:00,,,,,,,,,,,,,,,,,,
12/17/23,5.32,8/12/23 0:00,,,,,,,,,,,,,,,,,,
12/18/23,5.32,8/12/23 0:00,,,,,,,,,,,,,,,,,,
12/19/23,5.32,11/12/23 0:00,,,,,,,,,,,,,,,,,,
12/20/23,5.31,12/12/23 0:00,,,,,,,,,,,,,,,,,,
12/21/23,5.31,13/12/2023,,,,,,,,,,,,,,,,,,
12/22/23,5.31,14/12/2023,,,,,,,,,,,,,,,,,,
12/23/23,5.32,15/12/2023,,,,,,,,,,,,,,,,,,
12/24/23,5.32,15/12/2023,,,,,,,,,,,,,,,,,,
12/25/23,5.32,15/12/2023,,,,,,,,,,,,,,,,,,
12/26/23,5.32,15/12/2023,,,,,,,,,,,,,,,,,,
12/27/23,5.32,18/12/2023,,,,,,,,,,,,,,,,,,
12/28/23,5.31,19/12/2023,,,,,,,,,,,,,,,,,,
12/29/23,5.31,20/12/2023,,,,,,,,,,,,,,,,,,
12/30/23,5.31,21/12/2023,,,,,,,,,,,,,,,,,,
12/31/23,5.31,21/12/2023,,,,,,,,,,,,,,,,,,
1/1/24,5.31,21/12/2023,,,,,,,,,,,,,,,,,,
1/2/24,5.32,22/12/2023,,,,,,,,,,,,,,,,,,
1/3/24,5.35,26/12/2023,,,,,,,,,,,,,,,,,,
1/4/24,5.39,27/12/2023,,,,,,,,,,,,,,,,,,
1/5/24,5.4,28/12/2023,,,,,,,,,,,,,,,,,,
1/6/24,5.4,28/12/2023,,,,,,,,,,,,,,,,,,
1/7/24,5.38,29/12/2023,,,,,,,,,,,,,,,,,,
1/8/24,5.4,2/1/24 0:00,,,,,,,,,,,,,,,,,,
1/9/24,5.39,3/1/24 0:00,,,,,,,,,,,,,,,,,,
1/10/24,5.32,4/1/24 0:00,,,,,,,,,,,,,,,,,,
1/11/24,5.32,4/1/24 0:00,,,,,,,,,,,,,,,,,,
1/12/24,5.32,4/1/24 0:00,,,,,,,,,,,,,,,,,,
1/13/24,5.31,5/1/24 0:00,,,,,,,,,,,,,,,,,,
1/14/24,5.31,8/1/24 0:00,,,,,,,,,,,,,,,,,,
1/15/24,5.31,9/1/24 0:00,,,,,,,,,,,,,,,,,,
1/16/24,5.31,10/1/24 0:00,,,,,,,,,,,,,,,,,,
1/17/24,5.31,11/1/24 0:00,,,,,,,,,,,,,,,,,,
1/18/24,5.31,11/1/24 0:00,,,,,,,,,,,,,,,,,,
1/19/24,5.31,11/1/24 0:00,,,,,,,,,,,,,,,,,,
1/20/24,5.31,11/1/24 0:00,,,,,,,,,,,,,,,,,,
1/21/24,5.31,12/1/24 0:00,,,,,,,,,,,,,,,,,,
1/22/24,5.32,16/1/2024,,,,,,,,,,,,,,,,,,
1/23/24,5.32,17/1/2024,,,,,,,,,,,,,,,,,,
1/24/24,5.31,18/1/2024,,,,,,,,,,,,,,,,,,
1/25/24,5.31,18/1/2024,,,,,,,,,,,,,,,,,,
1/26/24,5.31,18/1/2024,,,,,,,,,,,,,,,,,,
1/27/24,5.31,19/1/2024,,,,,,,,,,,,,,,,,,
1/28/24,5.31,22/1/2024,,,,,,,,,,,,,,,,,,
1/29/24,5.31,23/1/2024,,,,,,,,,,,,,,,,,,
1/30/24,5.31,24/1/2024,,,,,,,,,,,,,,,,,,
1/31/24,5.32,25/1/2024,,,,,,,,,,,,,,,,,,
2/1/24,5.32,25/1/2024,,,,,,,,,,,,,,,,,,
2/2/24,5.32,25/1/2024,,,,,,,,,,,,,,,,,,
2/3/24,5.32,26/1/2024,,,,,,,,,,,,,,,,,,
2/4/24,5.31,29/1/2024,,,,,,,,,,,,,,,,,,
2/5/24,5.31,30/1/2024,,,,,,,,,,,,,,,,,,
2/6/24,5.32,31/1/2024,,,,,,,,,,,,,,,,,,
2/7/24,5.32,1/2/24 0:00,,,,,,,,,,,,,,,,,,
2/8/24,5.32,1/2/24 0:00,,,,,,,,,,,,,,,,,,
2/9/24,5.32,1/2/24 0:00,,,,,,,,,,,,,,,,,,
2/10/24,5.32,2/2/24 0:00,,,,,,,,,,,,,,,,,,
2/11/24,5.31,5/2/24 0:00,,,,,,,,,,,,,,,,,,
2/12/24,5.31,6/2/24 0:00,,,,,,,,,,,,,,,,,,
2/13/24,5.31,7/2/24 0:00,,,,,,,,,,,,,,,,,,
2/14/24,5.31,8/2/24 0:00,,,,,,,,,,,,,,,,,,
2/15/24,5.31,8/2/24 0:00,,,,,,,,,,,,,,,,,,
2/16/24,5.31,8/2/24 0:00,,,,,,,,,,,,,,,,,,
2/17/24,5.31,9/2/24 0:00,,,,,,,,,,,,,,,,,,
2/18/24,5.31,12/2/24 0:00,,,,,,,,,,,,,,,,,,
2/19/24,5.31,13/2/2024,,,,,,,,,,,,,,,,,,
2/20/24,5.3,14/2/2024,,,,,,,,,,,,,,,,,,
2/21/24,5.31,15/2/2024,,,,,,,,,,,,,,,,,,
2/22/24,5.31,15/2/2024,,,,,,,,,,,,,,,,,,
2/23/24,5.31,15/2/2024,,,,,,,,,,,,,,,,,,
2/24/24,5.31,15/2/2024,,,,,,,,,,,,,,,,,,
2/25/24,5.3,16/2/2024,,,,,,,,,,,,,,,,,,
2/26/24,5.3,20/2/2024,,,,,,,,,,,,,,,,,,
2/27/24,5.3,21/2/2024,,,,,,,,,,,,,,,,,,
2/28/24,5.3,22/2/2024,,,,,,,,,,,,,,,,,,
2/29/24,5.3,22/2/2024,,,,,,,,,,,,,,,,,,
3/1/24,5.3,22/2/2024,,,,,,,,,,,,,,,,,,
3/2/24,5.31,23/2/2024,,,,,,,,,,,,,,,,,,
3/3/24,5.31,26/2/2024,,,,,,,,,,,,,,,,,,
3/4/24,5.31,27/2/2024,,,,,,,,,,,,,,,,,,
3/5/24,5.31,28/2/2024,,,,,,,,,,,,,,,,,,
3/6/24,5.32,29/2/2024,,,,,,,,,,,,,,,,,,
3/7/24,5.32,29/2/2024,,,,,,,,,,,,,,,,,,
3/8/24,5.32,29/2/2024,,,,,,,,,,,,,,,,,,
3/9/24,5.31,1/3/24 0:00,,,,,,,,,,,,,,,,,,
3/10/24,5.31,4/3/24 0:00,,,,,,,,,,,,,,,,,,
3/11/24,5.31,5/3/24 0:00,,,,,,,,,,,,,,,,,,
3/12/24,5.31,6/3/24 0:00,,,,,,,,,,,,,,,,,,
3/13/24,5.31,7/3/24 0:00,,,,,,,,,,,,,,,,,,
3/14/24,5.31,7/3/24 0:00,,,,,,,,,,,,,,,,,,
3/15/24,5.31,7/3/24 0:00,,,,,,,,,,,,,,,,,,
3/16/24,5.31,8/3/24 0:00,,,,,,,,,,,,,,,,,,
3/17/24,5.31,11/3/24 0:00,,,,,,,,,,,,,,,,,,
3/18/24,5.31,12/3/24 0:00,,,,,,,,,,,,,,,,,,
3/19/24,5.31,13/3/2024,,,,,,,,,,,,,,,,,,
3/20/24,5.31,14/3/2024,,,,,,,,,,,,,,,,,,
3/21/24,5.31,14/3/2024,,,,,,,,,,,,,,,,,,
3/22/24,5.31,14/3/2024,,,,,,,,,,,,,,,,,,
3/23/24,5.31,15/3/2024,,,,,,,,,,,,,,,,,,
3/24/24,5.31,18/3/2024,,,,,,,,,,,,,,,,,,
3/25/24,5.31,19/3/2024,,,,,,,,,,,,,,,,,,
3/26/24,5.31,20/3/2024,,,,,,,,,,,,,,,,,,
3/27/24,5.31,21/3/2024,,,,,,,,,,,,,,,,,,
3/28/24,5.31,21/3/2024,,,,,,,,,,,,,,,,,,
3/29/24,5.31,21/3/2024,,,,,,,,,,,,,,,,,,
3/30/24,5.31,22/3/2024,,,,,,,,,,,,,,,,,,
3/31/24,5.31,25/3/2024,,,,,,,,,,,,,,,,,,
4/1/24,5.32,26/3/2024,,,,,,,,,,,,,,,,,,
4/2/24,5.33,27/3/2024,,,,,,,,,,,,,,,,,,
4/3/24,5.33,27/3/2024,,,,,,,,,,,,,,,,,,
4/4/24,5.33,27/3/2024,,,,,,,,,,,,,,,,,,
4/5/24,5.33,27/3/2024,,,,,,,,,,,,,,,,,,
4/6/24,5.34,28/3/2024,,,,,,,,,,,,,,,,,,
4/7/24,5.35,1/4/24 0:00,,,,,,,,,,,,,,,,,,
4/8/24,5.34,2/4/24 0:00,,,,,,,,,,,,,,,,,,
4/9/24,5.32,3/4/24 0:00,,,,,,,,,,,,,,,,,,
4/10/24,5.32,4/4/24 0:00,,,,,,,,,,,,,,,,,,
4/11/24,5.32,4/4/24 0:00,,,,,,,,,,,,,,,,,,
4/12/24,5.32,4/4/24 0:00,,,,,,,,,,,,,,,,,,
4/13/24,5.32,5/4/24 0:00,,,,,,,,,,,,,,,,,,
4/14/24,5.31,8/4/24 0:00,,,,,,,,,,,,,,,,,,
4/15/24,5.31,9/4/24 0:00,,,,,,,,,,,,,,,,,,
4/16/24,5.31,10/4/24 0:00,,,,,,,,,,,,,,,,,,
4/17/24,5.31,11/4/24 0:00,,,,,,,,,,,,,,,,,,
4/18/24,5.31,11/4/24 0:00,,,,,,,,,,,,,,,,,,
4/19/24,5.31,11/4/24 0:00,,,,,,,,,,,,,,,,,,
4/20/24,5.31,12/4/24 0:00,,,,,,,,,,,,,,,,,,
4/21/24,5.32,15/4/2024,,,,,,,,,,,,,,,,,,
4/22/24,5.31,16/4/2024,,,,,,,,,,,,,,,,,,
4/23/24,5.31,17/4/2024,,,,,,,,,,,,,,,,,,
4/24/24,5.3,18/4/2024,,,,,,,,,,,,,,,,,,
4/25/24,5.3,18/4/2024,,,,,,,,,,,,,,,,,,
4/26/24,5.3,18/4/2024,,,,,,,,,,,,,,,,,,
4/27/24,5.31,19/4/2024,,,,,,,,,,,,,,,,,,
4/28/24,5.31,22/4/2024,,,,,,,,,,,,,,,,,,
4/29/24,5.31,23/4/2024,,,,,,,,,,,,,,,,,,
4/30/24,5.31,24/4/2024,,,,,,,,,,,,,,,,,,
5/1/24,5.31,25/4/2024,,,,,,,,,,,,,,,,,,
5/2/24,5.31,25/4/2024,,,,,,,,,,,,,,,,,,
5/3/24,5.31,25/4/2024,,,,,,,,,,,,,,,,,,
5/4/24,5.32,26/4/2024,,,,,,,,,,,,,,,,,,
5/5/24,5.32,29/4/2024,,,,,,,,,,,,,,,,,,
5/6/24,5.34,30/4/2024,,,,,,,,,,,,,,,,,,
5/7/24,5.32,1/5/24 0:00,,,,,,,,,,,,,,,,,,
5/8/24,5.31,2/5/24 0:00,,,,,,,,,,,,,,,,,,
5/9/24,5.31,2/5/24 0:00,,,,,,,,,,,,,,,,,,
5/10/24,5.31,2/5/24 0:00,,,,,,,,,,,,,,,,,,
5/11/24,5.31,3/5/24 0:00,,,,,,,,,,,,,,,,,,
5/12/24,5.31,6/5/24 0:00,,,,,,,,,,,,,,,,,,
5/13/24,5.31,7/5/24 0:00,,,,,,,,,,,,,,,,,,
5/14/24,5.31,8/5/24 0:00,,,,,,,,,,,,,,,,,,
5/15/24,5.31,9/5/24 0:00,,,,,,,,,,,,,,,,,,
5/16/24,5.31,9/5/24 0:00,,,,,,,,,,,,,,,,,,
5/17/24,5.31,9/5/24 0:00,,,,,,,,,,,,,,,,,,
5/18/24,5.31,10/5/24 0:00,,,,,,,,,,,,,,,,,,
5/19/24,5.31,13/5/2024,,,,,,,,,,,,,,,,,,
5/20/24,5.31,14/5/2024,,,,,,,,,,,,,,,,,,
5/21/24,5.31,15/5/2024,,,,,,,,,,,,,,,,,,
5/22/24,5.31,16/5/2024,,,,,,,,,,,,,,,,,,
5/23/24,5.31,16/5/2024,,,,,,,,,,,,,,,,,,
5/24/24,5.31,16/5/2024,,,,,,,,,,,,,,,,,,
5/25/24,5.31,17/5/2024,,,,,,,,,,,,,,,,,,
5/26/24,5.31,20/5/2024,,,,,,,,,,,,,,,,,,
5/27/24,5.31,21/5/2024,,,,,,,,,,,,,,,,,,
5/28/24,5.31,22/5/2024,,,,,,,,,,,,,,,,,,
5/29/24,5.31,23/5/2024,,,,,,,,,,,,,,,,,,
5/30/24,5.31,23/5/2024,,,,,,,,,,,,,,,,,,
5/31/24,5.31,23/5/2024,,,,,,,,,,,,,,,,,,
6/1/24,5.31,23/5/2024,,,,,,,,,,,,,,,,,,
6/2/24,5.32,24/5/2024,,,,,,,,,,,,,,,,,,
6/3/24,5.32,28/5/2024,,,,,,,,,,,,,,,,,,
6/4/24,5.33,29/5/2024,,,,,,,,,,,,,,,,,,
6/5/24,5.33,30/5/2024,,,,,,,,,,,,,,,,,,
6/6/24,5.33,30/5/2024,,,,,,,,,,,,,,,,,,
6/7/24,5.33,30/5/2024,,,,,,,,,,,,,,,,,,
6/8/24,5.34,31/5/2024,,,,,,,,,,,,,,,,,,
6/9/24,5.35,3/6/24 0:00,,,,,,,,,,,,,,,,,,
6/10/24,5.33,4/6/24 0:00,,,,,,,,,,,,,,,,,,
6/11/24,5.33,5/6/24 0:00,,,,,,,,,,,,,,,,,,
6/12/24,5.33,6/6/24 0:00,,,,,,,,,,,,,,,,,,
6/13/24,5.33,6/6/24 0:00,,,,,,,,,,,,,,,,,,
6/14/24,5.33,6/6/24 0:00,,,,,,,,,,,,,,,,,,
6/15/24,5.33,7/6/24 0:00,,,,,,,,,,,,,,,,,,
6/16/24,5.32,10/6/24 0:00,,,,,,,,,,,,,,,,,,
6/17/24,5.32,11/6/24 0:00,,,,,,,,,,,,,,,,,,
6/18/24,5.31,12/6/24 0:00,,,,,,,,,,,,,,,,,,
6/19/24,5.31,13/6/2024,,,,,,,,,,,,,,,,,,
6/20/24,5.31,13/6/2024,,,,,,,,,,,,,,,,,,
6/21/24,5.31,13/6/2024,,,,,,,,,,,,,,,,,,
6/22/24,5.31,14/6/2024,,,,,,,,,,,,,,,,,,
6/23/24,5.33,17/6/2024,,,,,,,,,,,,,,,,,,
6/24/24,5.33,17/6/2024,,,,,,,,,,,,,,,,,,
6/25/24,5.33,18/6/2024,,,,,,,,,,,,,,,,,,
6/26/24,5.32,20/6/2024,,,,,,,,,,,,,,,,,,
6/27/24,5.32,20/6/2024,,,,,,,,,,,,,,,,,,
6/28/24,5.32,20/6/2024,,,,,,,,,,,,,,,,,,
6/29/24,5.31,21/6/2024,,,,,,,,,,,,,,,,,,
6/30/24,5.31,24/6/2024,,,,,,,,,,,,,,,,,,
7/1/24,5.33,25/6/2024,,,,,,,,,,,,,,,,,,
7/2/24,5.34,26/6/2024,,,,,,,,,,,,,,,,,,
7/3/24,5.34,27/6/2024,,,,,,,,,,,,,,,,,,
7/4/24,5.34,27/6/2024,,,,,,,,,,,,,,,,,,
7/5/24,5.34,27/6/2024,,,,,,,,,,,,,,,,,,
7/6/24,5.33,28/6/2024,,,,,,,,,,,,,,,,,,
7/7/24,5.4,1/7/24 0:00,,,,,,,,,,,,,,,,,,
7/8/24,5.35,2/7/24 0:00,,,,,,,,,,,,,,,,,,
7/9/24,5.35,2/7/24 0:00,,,,,,,,,,,,,,,,,,
7/10/24,5.33,3/7/24 0:00,,,,,,,,,,,,,,,,,,
7/11/24,5.33,3/7/24 0:00,,,,,,,,,,,,,,,,,,
7/12/24,5.33,3/7/24 0:00,,,,,,,,,,,,,,,,,,
7/13/24,5.32,5/7/24 0:00,,,,,,,,,,,,,,,,,,
7/14/24,5.32,8/7/24 0:00,,,,,,,,,,,,,,,,,,
7/15/24,5.34,9/7/24 0:00,,,,,,,,,,,,,,,,,,
7/16/24,5.34,10/7/24 0:00,,,,,,,,,,,,,,,,,,
7/17/24,5.34,11/7/24 0:00,,,,,,,,,,,,,,,,,,
7/18/24,5.34,11/7/24 0:00,,,,,,,,,,,,,,,,,,
7/19/24,5.34,11/7/24 0:00,,,,,,,,,,,,,,,,,,
7/20/24,5.34,12/7/24 0:00,,,,,,,,,,,,,,,,,,
7/21/24,5.34,15/7/2024,,,,,,,,,,,,,,,,,,
7/22/24,5.35,16/7/2024,,,,,,,,,,,,,,,,,,
7/23/24,5.35,17/7/2024,,,,,,,,,,,,,,,,,,
7/24/24,5.34,18/7/2024,,,,,,,,,,,,,,,,,,
7/25/24,5.34,18/7/2024,,,,,,,,,,,,,,,,,,
7/26/24,5.34,18/7/2024,,,,,,,,,,,,,,,,,,
7/27/24,5.34,19/7/2024,,,,,,,,,,,,,,,,,,
7/28/24,5.33,22/7/2024,,,,,,,,,,,,,,,,,,
7/29/24,5.34,23/7/2024,,,,,,,,,,,,,,,,,,
7/30/24,5.34,24/7/2024,,,,,,,,,,,,,,,,,,
7/31/24,5.34,24/7/2024,,,,,,,,,,,,,,,,,,
8/1/24,5.35,25/7/2024,,,,,,,,,,,,,,,,,,
8/2/24,5.35,25/7/2024,,,,,,,,,,,,,,,,,,
8/3/24,5.35,26/7/2024,,,,,,,,,,,,,,,,,,
8/4/24,5.33,29/7/2024,,,,,,,,,,,,,,,,,,
8/5/24,5.33,30/7/2024,,,,,,,,,,,,,,,,,,
8/6/24,5.38,31/7/2024,,,,,,,,,,,,,,,,,,
8/7/24,5.35,1/8/24 0:00,,,,,,,,,,,,,,,,,,
8/8/24,5.35,1/8/24 0:00,,,,,,,,,,,,,,,,,,
8/9/24,5.35,1/8/24 0:00,,,,,,,,,,,,,,,,,,
8/10/24,5.35,2/8/24 0:00,,,,,,,,,,,,,,,,,,
8/11/24,5.32,5/8/24 0:00,,,,,,,,,,,,,,,,,,
8/12/24,5.33,6/8/24 0:00,,,,,,,,,,,,,,,,,,
8/13/24,5.32,5/8/24 0:00,,,,,,,,,,,,,,,,,,
8/14/24,5.33,6/8/24 0:00,,,,,,,,,,,,,,,,,,
8/15/24,5.33,7/8/24 0:00,,,,,,,,,,,,,,,,,,
8/16/24,5.34,8/8/24 0:00,,,,,,,,,,,,,,,,,,
8/17/24,5.34,9/8/24 0:00,,,,,,,,,,,,,,,,,,
8/18/24,5.34,9/8/24 0:00,,,,,,,,,,,,,,,,,,
8/19/24,5.34,9/8/24 0:00,1.80348,1.80348,,,,,,,,,,,,,,,,
8/20/24,5.34,12/8/24 0:00,1.80348,1.80348,,,,,,,,,,,,,,,,
8/21/24,5.34,13/8/2024,1.80348,1.80348,,,,,,,,,,,,,,,,
8/22/24,5.33,14/8/2024,1.80348,1.80348,,,,,,,,,,,,,,,,
8/23/24,5.35,15/8/2024,1.80348,1.80348,,,,,,,,,,,,,,,,
8/24/24,5.32,16/8/2024,1.80348,1.80348,,,,,,,,,,,,,,,,
8/25/24,5.32,16/8/2024,1.80348,1.80348,,,,,,,,,,,,,,,,
8/26/24,5.32,16/8/2024,1.80348,1.80348,,,,,,,,,,,,,,,,
8/27/24,5.32,19/8/2024,1.80348,1.80348,,,,,,,,,,,,,,,,
8/28/24,5.32,20/8/2024,1.80348,1.80348,,,,,,,,,,,,,,,,
8/29/24,5.31,21/8/2024,1.80348,1.80348,,,,,,,,,,,,,,,,
8/30/24,5.31,22/8/2024,1.80348,1.80348,,,,,,,,,,,,,,,,
8/31/24,5.33,23/8/2024,1.80348,1.80348,,,,,,,,,,,,,,,,
9/1/24,5.33,23/8/2024,1.80348,1.80348,,,,,,,,,,,,,,,,
9/2/24,5.33,23/8/2024,1.80348,1.80348,,,,,,,,,,,,,,,,
9/3/24,5.33,23/8/2024,1.80348,1.80348,,,,,,,,,,,,,,,,
9/4/24,5.34,26/8/2024,1.80348,1.80348,,,,,,,,,,,,,,,,
9/5/24,5.35,27/8/2024,1.80348,1.80348,,,,,,,,,,,,,,,,
9/6/24,5.35,28/8/2024,1.80348,1.80348,,,,,,,,,,,,,,,,
9/7/24,5.33,29/8/2024,1.80348,1.80348,,,,,,,,,,,,,,,,
9/8/24,5.33,29/8/2024,1.80348,1.80348,,,,,,,,,,,,,,,,
9/9/24,5.33,29/8/2024,1.660242,1.80348,,,,,,,,,,,,,,,,
9/10/24,5.32,30/8/2024,1.660242,1.80348,,,,,,,,,,,,,,,,
9/11/24,5.34,3/9/24 0:00,1.660242,1.80348,,,,,,,,,,,,,,,,
9/12/24,5.35,4/9/24 0:00,1.660242,1.80348,,,,,,,,,,,,,,,,
9/13/24,5.35,5/9/24 0:00,1.660242,1.80348,,,,,,,,,,,,,,,,
9/14/24,5.34,6/9/24 0:00,1.660242,1.80348,,,,,,,,,,,,,,,,
9/15/24,5.34,6/9/24 0:00,1.660242,1.80348,,,,,,,,,,,,,,,,
9/16/24,5.34,6/9/24 0:00,1.8453,1.8453,,,,,,,,,,,,,,,,
9/17/24,5.34,9/9/24 0:00,1.8453,1.8453,,,,,,,,,,,,,,,,
9/18/24,5.33,10/9/24 0:00,1.8453,1.8453,,,,,,,,,,,,,,,,
9/19/24,5.32,11/9/24 0:00,1.8453,1.8453,,,,,,,,,,,,,,,,
9/20/24,5.33,12/9/24 0:00,1.8453,1.8453,,,,,,,,,,,,,,,,
9/21/24,5.33,13/9/2024,1.8453,1.8453,,,,,,,,,,,,,,,,
9/22/24,5.33,13/9/2024,1.8453,1.8453,,,,,,,,,,,,,,,,
9/23/24,5.33,13/9/2024,1.8453,1.8453,,,,,,,,,,,,,,,,
9/24/24,5.38,16/9/2024,1.8453,1.8453,,,,,,,,,,,,,,,,
9/25/24,5.38,17/9/2024,1.8453,1.8453,,,,,,,,,,,,,,,,
9/26/24,5.33,18/9/2024,1.8453,1.8453,,,,,,,,,,,,,,,,
9/27/24,4.82,19/9/2024,1.8453,1.8453,,,,,,,,,,,,,,,,
9/28/24,4.83,20/9/2024,1.8453,1.8453,,,,,,,,,,,,,,,,
9/29/24,4.83,20/9/2024,1.8453,1.8453,,,,,,,,,,,,,,,,
9/30/24,4.83,20/9/2024,1.8453,1.8453,,,,,,,,,,,,,,,,
10/1/24,4.83,23/9/2024,1.8453,1.8453,,,,,,,,,,,,,,,,
10/2/24,4.84,24/9/2024,1.8453,1.8453,,,,,,,,,,,,,,,,
10/3/24,4.84,25/9/2024,1.8453,1.8453,,,,,,,,,,,,,,,,
10/4/24,4.83,26/9/2024,1.8453,1.8453,,,,,,,,,,,,,,,,
10/5/24,4.84,27/9/2024,1.8453,1.8453,,,,,,,,,,,,,,,,
10/6/24,4.84,27/9/2024,1.8453,1.8453,,,,,,,,,,,,,,,,
10/7/24,4.84,27/9/2024,1.8453,1.8453,,,,,,,,,,,,,,,,
10/8/24,4.96,30/9/2024,1.8453,1.8453,,,,,,,,,,,,,,,,
10/9/24,5.05,1/10/24 0:00,1.8453,1.8453,,,,,,,,,,,,,,,,
10/10/24,4.92,2/10/24 0:00,1.8453,1.8453,,,,,,,,,,,,,,,,
10/11/24,4.85,3/10/24 0:00,1.8453,1.8453,,,,,,,,,,,,,,,,
10/12/24,4.83,4/10/24 0:00,1.8453,1.8453,,,,,,,,,,,,,,,,
10/13/24,4.83,4/10/24 0:00,1.8453,1.8453,,,,,,,,,,,,,,,,
10/14/24,4.83,4/10/24 0:00,1.8453,1.8453,,,,,,,,,,,,,,,,
10/15/24,4.83,7/10/24 0:00,2.35242,2.35242,,,,,,,,,,,,,,,,
10/16/24,4.84,8/10/24 0:00,2.35242,2.35242,,,,,,,,,,,,,,,,
10/17/24,4.83,9/10/24 0:00,2.35242,2.35242,,,,,,,,,,,,,,,,
10/18/24,4.82,10/10/24 0:00,2.35242,2.35242,,,,,,,,,,,,,,,,
10/19/24,4.82,10/10/24 0:00,2.35242,2.35242,,,,,,,,,,,,,,,,
10/20/24,4.82,10/10/24 0:00,2.35242,2.35242,,,,,,,,,,,,,,,,
10/21/24,4.82,10/10/24 0:00,2.326767,2.35242,,,,,,,,,,,,,,,,
10/22/24,4.81,11/10/24 0:00,2.326767,2.35242,,,,,,,,,,,,,,,,
10/23/24,4.86,15/10/2024,2.326767,2.35242,,,,,,,,,,,,,,,,
10/24/24,4.86,16/10/2024,2.326767,2.35242,,,,,,,,,,,,,,,,
10/25/24,4.85,17/10/2024,2.326767,2.35242,,,,,,,,,,,,,,,,
10/26/24,4.84,18/10/2024,2.326767,2.35242,,,,,,,,,,,,,,,,
10/27/24,4.84,18/10/2024,2.326767,2.35242,,,,,,,,,,,,,,,,
10/28/24,4.84,18/10/2024,2.326767,2.35242,,,,,,,,,,,,,,,,
10/29/24,4.82,21/10/2024,2.326767,2.35242,,,,,,,,,,,,,,,,
10/30/24,4.83,22/10/2024,2.326767,2.35242,,,,,,,,,,,,,,,,
10/31/24,4.83,23/10/2024,2.326767,2.35242,,,,,,,,,,,,,,,,
11/1/24,4.83,24/10/2024,2.326767,2.35242,,,,,,,,,,,,,,,,
11/2/24,4.83,25/10/2024,2.326767,2.35242,,,,,,,,,,,,,,,,
11/3/24,4.83,25/10/2024,2.326767,2.35242,,,,,,,,,,,,,,,,
11/4/24,4.83,25/10/2024,2.326767,2.35242,,,,,,,,,,,,,,,,
11/5/24,4.82,28/10/2024,2.326767,2.35242,,,,,,,,,,,,,,,,
11/6/24,4.82,29/10/2024,2.326767,2.35242,,,,,,,,,,,,,,,,
11/7/24,4.81,30/10/2024,2.326767,2.35242,,,,,,,,,,,,,,,,
11/8/24,4.9,31/10/2024,2.326767,2.35242,,,,,,,,,,,,,,,,
11/9/24,4.86,1/11/24 0:00,2.326767,2.35242,,,,,,,,,,,,,,,,
11/10/24,4.86,1/11/24 0:00,2.326767,2.35242,,,,,,,,,,,,,,,,
11/11/24,4.86,1/11/24 0:00,2.326767,2.35242,,,,,,,,,,,,,,,,
11/12/24,4.82,4/11/24 0:00,2.326767,2.35242,,,,,,,,,,,,,,,,
11/13/24,4.82,5/11/24 0:00,2.326767,2.35242,,,,,,,,,,,,,,,,
11/14/24,4.81,6/11/24 0:00,2.326767,2.35242,,,,,,,,,,,,,,,,
11/15/24,4.82,7/11/24 0:00,3.72318,3.72318,,,,,,,,,,,,,,,,
11/16/24,4.82,7/11/24 0:00,3.72318,3.72318,,,,,,,,,,,,,,,,
11/17/24,4.82,7/11/24 0:00,3.72318,3.72318,,,,,,,,,,,,,,,,
11/18/24,4.82,7/11/24 0:00,3.72318,3.72318,,,,,,,,,,,,,,,,
11/19/24,4.6,8/11/24 0:00,3.72318,3.72318,,,,,,,,,,,,,,,,
11/20/24,4.6,12/11/24 0:00,3.72318,3.72318,,,,,,,,,,,,,,,,
11/21/24,4.59,13/11/2024,3.72318,3.72318,,,,,,,,,,,,,,,,
11/22/24,4.58,14/11/2024,3.72318,3.72318,,,,,,,,,,,,,,,,
11/23/24,4.57,15/11/2024,3.72318,3.72318,,,,,,,,,,,,,,,,
11/24/24,4.57,15/11/2024,3.72318,3.72318,,,,,,,,,,,,,,,,
11/25/24,4.57,15/11/2024,3.72318,3.72318,,,,,,,,,,,,,,,,
11/26/24,4.57,18/11/2024,3.72318,3.72318,,,,,,,,,,,,,,,,
11/27/24,4.57,19/11/2024,3.72318,3.72318,,,,,,,,,,,,,,,,
11/28/24,4.56,20/11/2024,3.72318,3.72318,,,,,,,,,,,,,,,,
11/29/24,4.56,20/11/2024,3.72318,3.72318,,,,,,,,,,,,,,,,
11/30/24,4.56,20/11/2024,3.72318,3.72318,,,,,,,,,,,,,,,,
12/1/24,4.56,20/11/2024,3.72318,3.72318,,,,,,,,,,,,,,,,
12/2/24,4.56,20/11/2024,3.72318,3.72318,,,,,,,,,,,,,,,,
12/3/24,4.57,21/11/2024,3.72318,3.72318,,,,,,,,,,,,,,,,
12/4/24,4.57,22/11/2024,3.72318,3.72318,,,,,,,,,,,,,,,,
12/5/24,4.58,25/11/2024,3.72318,3.72318,,,,,,,,,,,,,,,,
12/6/24,4.58,25/11/2024,3.72318,3.72318,,,,,,,,,,,,,,,,
12/7/24,4.59,29/11/2024,3.72318,3.72318,,,,,,,,,,,,,,,,
12/8/24,4.59,29/11/2024,3.72318,3.72318,,,,,,,,,,,,,,,,
12/9/24,4.59,29/11/2024,3.72318,3.72318,,,,,,,,,,,,,,,,
12/10/24,4.64,2/12/24 0:00,3.72318,3.72318,,,,,,,,,,,,,,,,
12/11/24,4.64,3/12/24 0:00,3.72318,3.72318,,,,,,,,,,,,,,,,
12/12/24,4.59,4/12/24 0:00,3.72318,3.72318,,,,,,,,,,,,,,,,
12/13/24,4.59,5/12/24 0:00,3.72318,3.72318,,,,,,,,,,,,,,,,
12/14/24,4.6,6/12/24 0:00,3.72318,3.72318,,,,,,,,,,,,,,,,
12/15/24,4.6,6/12/24 0:00,3.72318,3.72318,,,,,,,,,,,,,,,,
12/16/24,4.6,6/12/24 0:00,3.72121,3.72121,,,,,,,,,,,,,,,,
12/17/24,4.63,9/12/24 0:00,3.72121,3.72121,,,,,,,,,,,,,,,,
12/18/24,4.64,10/12/24 0:00,3.72121,3.72121,,,,,,,,,,,,,,,,
12/19/24,4.62,11/12/24 0:00,3.72121,3.72121,,,,,,,,,,,,,,,,
12/20/24,4.62,12/12/24 0:00,3.72121,3.72121,,,,,,,,,,,,,,,,
12/21/24,4.6,13/12/2024,3.72121,3.72121,,,,,,,,,,,,,,,,
12/22/24,4.6,13/12/2024,3.72121,3.72121,,,,,,,,,,,,,,,,
12/23/24,4.6,13/12/2024,3.66294,3.72121,,,,,,,,,,,,,,,,
12/24/24,4.65,16/12/2024,3.66294,3.72121,,,,,,,,,,,,,,,,
12/25/24,4.65,16/12/2024,3.66294,3.72121,,,,,,,,,,,,,,,,
12/26/24,4.65,16/12/2024,3.66294,3.72121,,,,,,,,,,,,,,,,
12/27/24,4.62,17/12/2024,3.66294,3.72121,,,,,,,,,,,,,,,,
12/28/24,4.57,18/12/2024,3.66294,3.72121,,,,,,,,,,,,,,,,
12/29/24,4.57,18/12/2024,3.66294,3.72121,,,,,,,,,,,,,,,,
12/30/24,4.57,18/12/2024,3.66294,3.72121,,,,,,,,,,,,,,,,
12/31/24,4.3,19/12/2024,3.66294,3.72121,,,,,,,,,,,,,,,,
1/1/25,4.3,20/12/2024,3.66294,3.72121,,,,,,,,,,,,,,,,
1/2/25,4.4,24/12/2024,3.66294,3.72121,,,,,,,,,,,,,,,,
1/3/25,4.53,26/12/2024,3.66294,3.72121,,,,,,,,,,,,,,,,
1/4/25,4.46,27/12/2024,3.66294,3.72121,,,,,,,,,,,,,,,,
1/5/25,4.37,30/12/2024,3.66294,3.72121,,,,,,,,,,,,,,,,
1/6/25,4.37,30/12/2024,3.66294,3.72121,,,,,,,,,,,,,,,,
1/7/25,4.49,31/12/2024,3.66294,3.72121,,,,,,,,,,,,,,,,
1/8/25,4.4,2/1/25 0:00,3.66294,3.72121,,,,,,,,,,,,,,,,
1/9/25,4.4,2/1/25 0:00,3.66294,3.72121,,,,,,,,,,,,,,,,
1/10/25,4.4,2/1/25 0:00,3.66294,3.72121,,,,,,,,,,,,,,,,
1/11/25,4.31,3/1/25 0:00,3.66294,3.72121,,,,,,,,,,,,,,,,
1/12/25,4.27,6/1/25 0:00,3.66294,3.72121,,,,,,,,,,,,,,,,
1/13/25,4.27,7/1/25 0:00,3.66294,3.72121,,,,,,,,,,,,,,,,
1/14/25,4.29,8/1/25 0:00,3.66294,3.72121,,,,,,,,,,,,,,,,
1/15/25,4.3,9/1/25 0:00,2.83682,2.83682,,,,,,,,,,,,,,,,
1/16/25,4.3,9/1/25 0:00,2.83682,2.83682,,,,,,,,,,,,,,,,
1/17/25,4.3,9/1/25 0:00,2.83682,2.83682,,,,,,,,,,,,,,,,
1/18/25,4.3,10/1/25 0:00,2.83682,2.83682,,,,,,,,,,,,,,,,
1/19/25,4.29,13/1/2025,2.83682,2.83682,,,,,,,,,,,,,,,,
1/20/25,4.28,14/1/2025,2.83682,2.83682,,,,,,,,,,,,,,,,
1/21/25,4.28,15/1/2025,2.83682,2.83682,,,,,,,,,,,,,,,,
1/22/25,4.29,16/1/2025,2.83682,2.83682,,,,,,,,,,,,,,,,
1/23/25,4.29,16/1/2025,2.83682,2.83682,,,,,,,,,,,,,,,,
1/24/25,4.28,15/1/2025,2.83682,2.83682,,,,,,,,,,,,,,,,
1/25/25,4.29,16/1/2025,2.83682,2.83682,,,,,,,,,,,,,,,,
1/26/25,4.29,16/1/2025,2.83682,2.83682,,,,,,,,,,,,,,,,
1/27/25,4.29,16/1/2025,2.83682,2.83682,,,,,,,,,,,,,,,,
1/28/25,4.29,17/1/2025,2.83682,2.83682,,,,,,,,,,,,,,,,
1/29/25,4.29,17/1/2025,2.83682,2.83682,,,,,,,,,,,,,,,,
1/30/25,4.3,22/1/2025,2.83682,2.83682,,,,,,,,,,,,,,,,
1/31/25,4.35,23/1/2025,2.83682,2.83682,,,,,,,,,,,,,,,,
2/1/25,4.34,24/1/2025,2.83682,2.83682,,,,,,,,,,,,,,,,
2/2/25,4.34,24/1/2025,2.83682,2.83682,,,,,,,,,,,,,,,,
2/3/25,4.34,24/1/2025,2.83682,2.83682,,,,,,,,,,,,,,,,
2/4/25,4.34,27/1/2025,2.83682,2.83682,,,,,,,,,,,,,,,,
2/5/25,4.35,28/1/2025,2.83682,2.83682,,,,,,,,,,,,,,,,
2/6/25,4.35,29/1/2025,2.83682,2.83682,,,,,,,,,,,,,,,,
2/7/25,4.36,30/1/2025,2.83682,2.83682,,,,,,,,,,,,,,,,
2/8/25,4.38,,2.83682,2.83682,,,,,,,,,,,,,,,,
2/9/25,4.38,,2.83682,2.83682,,,,,,,,,,,,,,,,
2/10/25,4.38,,2.83682,2.83682,,,,,,,,,,,,,,,,
2/11/25,4.35,,2.83682,2.83682,,,,,,,,,,,,,,,,
2/12/25,4.33,,2.83682,2.83682,,,,,,,,,,,,,,,,
2/13/25,4.33,,2.83682,2.83682,,,,,,,,,,,,,,,,
2/14/25,4.36,,2.83682,2.83682,,,,,,,,,,,,,,,,
2/15/25,4.35,,2.83682,2.83682,,,,,,,,,,,,,,,,
2/16/25,4.35,,2.83682,2.83682,,,,,,,,,,,,,,,,
2/17/25,4.35,,2.72545,2.72545,,,,,,,,,,,,,,,,
2/18/25,4.35,,2.72545,2.72545,,,,,,,,,,,,,,,,
2/19/25,4.35,,2.72545,2.72545,,,,,,,,,,,,,,,,
2/20/25,4.34,,2.72545,2.72545,,,,,,,,,,,,,,,,
2/21/25,4.32,,2.72545,2.72545,,,,,,,,,,,,,,,,
2/22/25,4.33,,2.72545,2.72545,,,,,,,,,,,,,,,,
2/23/25,4.33,,2.72545,2.72545,,,,,,,,,,,,,,,,
2/24/25,4.33,,2.72545,2.72545,,,,,,,,,,,,,,,,
2/25/25,4.33,,2.72545,2.72545,,,,,,,,,,,,,,,,
2/26/25,4.37,,2.72545,2.72545,,,,,,,,,,,,,,,,
2/27/25,4.35,,2.72545,2.72545,,,,,,,,,,,,,,,,
2/28/25,4.33,,2.72545,2.72545,,,,,,,,,,,,,,,,
3/1/25,4.34,,2.72545,2.72545,,,,,,,,,,,,,,,,
3/2/25,4.34,,2.72545,2.72545,,,,,,,,,,,,,,,,
3/3/25,4.34,,2.72545,2.72545,,,,,,,,,,,,,,,,
3/4/25,4.34,,2.72545,2.72545,,,,,,,,,,,,,,,,
3/5/25,4.33,,2.72545,2.72545,,,,,,,,,,,,,,,,
3/6/25,4.33,,2.72545,2.72545,,,,,,,,,,,,,,,,
3/7/25,4.36,,2.72545,2.72545,,,,,,,,,,,,,,,,
3/8/25,4.39,,2.72545,2.72545,,,,,,,,,,,,,,,,
3/9/25,4.39,,2.72545,2.72545,,,,,,,,,,,,,,,,
3/10/25,4.39,,2.72545,2.72545,,,,,,,,,,,,,,,,
3/11/25,4.33,,2.72545,2.72545,,,,,,,,,,,,,,,,
3/12/25,4.33,,2.72545,2.72545,,,,,,,,,,,,,,,,
3/13/25,4.34,,2.72545,2.72545,,,,,,,,,,,,,,,,
3/14/25,4.35,,2.72545,2.72545,,,,,,,,,,,,,,,,
3/15/25,4.34,,2.72545,2.72545,,,,,,,,,,,,,,,,
3/16/25,4.34,,2.72545,2.72545,,,,,,,,,,,,,,,,
3/17/25,4.34,,1.99697,,,,,,,,,,,,,,,,,
3/18/25,4.33,,1.99697,,,,,,,,,,,,,,,,,
3/19/25,4.32,,1.99697,,,,,,,,,,,,,,,,,
3/20/25,4.31,,1.99697,,,,,,,,,,,,,,,,,
3/21/25,4.3,,1.99697,,,,,,,,,,,,,,,,,
3/22/25,4.3,,1.99697,,,,,,,,,,,,,,,,,
3/23/25,4.3,,1.99697,,,,,,,,,,,,,,,,,
3/24/25,4.3,,1.99697,,,,,,,,,,,,,,,,,
3/25/25,4.32,,1.99697,,,,,,,,,,,,,,,,,
3/26/25,4.31,,1.99697,,,,,,,,,,,,,,,,,
3/27/25,4.29,,1.99697,,,,,,,,,,,,,,,,,
3/28/25,4.29,,1.99697,,,,,,,,,,,,,,,,,
3/29/25,4.3,,1.99697,,,,,,,,,,,,,,,,,
3/30/25,4.3,,1.99697,,,,,,,,,,,,,,,,,
3/31/25,4.3,,1.99697,,,,,,,,,,,,,,,,,
4/1/25,4.31,,1.99697,,,,,,,,,,,,,,,,,
4/2/25,4.33,,1.99697,,,,,,,,,,,,,,,,,
4/3/25,4.35,,1.99697,,,,,,,,,,,,,,,,,
4/4/25,4.36,,1.99697,,,,,,,,,,,,,,,,,
4/5/25,4.34,,1.99697,,,,,,,,,,,,,,,,,
4/6/25,4.34,,1.99697,,,,,,,,,,,,,,,,,
4/7/25,4.34,,1.99697,,,,,,,,,,,,,,,,,
4/8/25,4.41,,1.99697,,,,,,,,,,,,,,,,,
4/9/25,4.39,,1.99697,,,,,,,,,,,,,,,,,
4/10/25,4.37,,1.99697,,,,,,,,,,,,,,,,,
4/11/25,4.39,,1.99697,,,,,,,,,,,,,,,,,
4/12/25,4.35,,2.024352,,,,,,,,,,,,,,,,,
4/13/25,4.35,,2.024352,,,,,,,,,,,,,,,,,
4/14/25,4.35,,2.024352,,,,,,,,,,,,,,,,,
4/15/25,4.33,,2.024352,,,,,,,,,,,,,,,,,
4/16/25,4.4,,2.024352,,,,,,,,,,,,,,,,,
4/17/25,4.42,,2.024352,,,,,,,,,,,,,,,,,
4/18/25,4.37,,2.024352,,,,,,,,,,,,,,,,,
4/19/25,4.37,,1.53121,,,,,,,,,,,,,,,,,
4/20/25,4.37,,1.53121,,,,,,,,,,,,,,,,,
4/21/25,4.37,,1.53121,,,,,,,,,,,,,,,,,
4/22/25,4.33,,1.53121,,,,,,,,,,,,,,,,,
4/23/25,4.33,,1.53121,,,,,,,,,,,,,,,,,
4/24/25,4.36,,1.53121,,,,,,,,,,,,,,,,,
4/25/25,4.31,,1.53121,,,,,,,,,,,,,,,,,
4/26/25,4.32,,1.53121,,,,,,,,,,,,,,,,,
4/27/25,4.32,,1.53121,,,,,,,,,,,,,,,,,
4/28/25,4.32,,1.53121,,,,,,,,,,,,,,,,,
4/29/25,4.32,,1.53121,,,,,,,,,,,,,,,,,
4/30/25,4.3,,1.53121,,,,,,,,,,,,,,,,,
5/1/25,4.28,,1.53121,,,,,,,,,,,,,,,,,
5/2/25,4.29,,1.53121,,,,,,,,,,,,,,,,,
5/3/25,4.33,,1.545066,,,,,,,,,,,,,,,,,
5/4/25,4.33,,1.545066,,,,,,,,,,,,,,,,,
5/5/25,4.33,,1.545066,,,,,,,,,,,,,,,,,
5/6/25,4.36,,1.545066,,,,,,,,,,,,,,,,,
5/7/25,4.36,,1.545066,,,,,,,,,,,,,,,,,
5/8/25,4.41,,1.545066,,,,,,,,,,,,,,,,,
5/9/25,4.39,,1.545066,,,,,,,,,,,,,,,,,
5/10/25,4.36,,1.545066,,,,,,,,,,,,,,,,,
5/11/25,4.36,,1.545066,,,,,,,,,,,,,,,,,
5/12/25,4.36,,1.545066,,,,,,,,,,,,,,,,,
5/13/25,4.33,,1.545066,,,,,,,,,,,,,,,,,
5/14/25,4.32,,1.545066,,,,,,,,,,,,,,,,,
5/15/25,4.3,,1.545066,,,,,,,,,,,,,,,,,
5/16/25,4.29,,1.65485,,,,,,,,,,,,,,,,,
5/17/25,4.28,,1.65485,,,,,,,,,,,,,,,,,
5/18/25,4.28,,1.65485,,,,,,,,,,,,,,,,,
5/19/25,4.28,,1.655206,,,,,,,,,,,,,,,,,
5/20/25,4.28,,1.655206,,,,,,,,,,,,,,,,,
5/21/25,4.3,,1.655206,,,,,,,,,,,,,,,,,
5/22/25,4.29,,1.655206,,,,,,,,,,,,,,,,,
5/23/25,4.31,,1.655206,,,,,,,,,,,,,,,,,
5/24/25,4.3,,1.655206,,,,,,,,,,,,,,,,,
5/25/25,4.3,,1.655206,,,,,,,,,,,,,,,,,
5/26/25,4.3,,1.655206,,,,,,,,,,,,,,,,,
5/27/25,4.3,,1.655206,,,,,,,,,,,,,,,,,
5/28/25,4.29,,1.655206,,,,,,,,,,,,,,,,,
5/29/25,4.27,,1.655206,,,,,,,,,,,,,,,,,
5/30/25,4.26,,1.655206,,,,,,,,,,,,,,,,,
5/31/25,4.26,,1.655206,,,,,,,,,,,,,,,,,
6/1/25,4.26,,1.655206,,,,,,,,,,,,,,,,,
6/2/25,4.26,,1.655206,,,,,,,,,,,,,,,,,
6/3/25,4.26,,1.663131,,,,,,,,,,,,,,,,,
6/4/25,4.31,,1.663131,,,,,,,,,,,,,,,,,
6/5/25,4.33,,1.663131,,,,,,,,,,,,,,,,,
6/6/25,4.33,,1.663131,,,,,,,,,,,,,,,,,
6/7/25,4.35,,1.663131,,,,,,,,,,,,,,,,,
6/8/25,4.35,,1.663131,,,,,,,,,,,,,,,,,
6/9/25,4.35,,1.663131,,,,,,,,,,,,,,,,,
6/10/25,4.35,,1.663131,,,,,,,,,,,,,,,,,
6/11/25,4.32,,1.663131,,,,,,,,,,,,,,,,,
6/12/25,4.28,,1.663131,,,,,,,,,,,,,,,,,
6/13/25,4.29,,1.663131,,,,,,,,,,,,,,,,,
6/14/25,4.29,,1.663131,,,,,,,,,,,,,,,,,
6/15/25,4.29,,1.663131,,,,,,,,,,,,,,,,,
6/16/25,4.29,,1.663131,,,,,,,,,,,,,,,,,
6/17/25,4.29,,1.70455,,,,,,,,,,,,,,,,,
6/18/25,4.28,,1.70455,,,,,,,,,,,,,,,,,
6/19/25,4.28,,1.70455,,,,,,,,,,,,,,,,,
6/20/25,4.28,,1.70455,,,,,,,,,,,,,,,,,
6/21/25,4.28,,1.70455,,,,,,,,,,,,,,,,,
6/22/25,4.28,,1.70455,,,,,,,,,,,,,,,,,
6/23/25,4.28,,1.70455,,,,,,,,,,,,,,,,,
6/24/25,4.28,,1.70455,,,,,,,,,,,,,,,,,
6/25/25,4.32,,1.70455,,,,,,,,,,,,,,,,,
6/26/25,4.31,,1.70455,,,,,,,,,,,,,,,,,
6/27/25,4.28,,1.70455,,,,,,,,,,,,,,,,,
6/28/25,4.29,,1.70455,,,,,,,,,,,,,,,,,
6/29/25,4.29,,1.70455,,,,,,,,,,,,,,,,,
6/30/25,4.29,,1.70455,,,,,,,,,,,,,,,,,
7/1/25,4.29,,1.70455,,,,,,,,,,,,,,,,,
7/2/25,4.3,,1.70455,,,,,,,,,,,,,,,,,
7/3/25,4.36,,1.70455,,,,,,,,,,,,,,,,,
7/4/25,4.4,,1.70455,,,,,,,,,,,,,,,,,
7/5/25,4.4,,1.70455,,,,,,,,,,,,,,,,,
7/6/25,4.4,,1.70455,,,,,,,,,,,,,,,,,
7/7/25,4.4,,1.70455,,,,,,,,,,,,,,,,,
7/8/25,4.39,,1.70455,,,,,,,,,,,,,,,,,
7/9/25,4.45,,1.70455,,,,,,,,,,,,,,,,,
7/10/25,4.44,,1.70455,,,,,,,,,,,,,,,,,
7/11/25,4.4,,1.70455,,,,,,,,,,,,,,,,,
7/12/25,4.35,,1.70455,,,,,,,,,,,,,,,,,
7/13/25,4.35,,1.70455,,,,,,,,,,,,,,,,,
7/14/25,4.35,,1.70455,,,,,,,,,,,,,,,,,
7/15/25,4.33,,1.70455,,,,,,,,,,,,,,,,,
7/16/25,4.34,,1.70455,,,,,,,,,,,,,,,,,
7/17/25,4.32,,1.70455,,,,,,,,,,,,,,,,,
7/18/25,4.31,,1.70455,,,,,,,,,,,,,,,,,
7/19/25,4.31,,1.74394,,,,,,,,,,,,,,,,,
7/20/25,4.31,,1.74394,,,,,,,,,,,,,,,,,
7/21/25,4.31,,1.74394,,,,,,,,,,,,,,,,,
7/22/25,4.33,,1.74394,,,,,,,,,,,,,,,,,
7/23/25,4.37,,1.74394,,,,,,,,,,,,,,,,,
7/24/25,4.34,,1.74394,,,,,,,,,,,,,,,,,
7/25/25,4.34,,1.74394,,,,,,,,,,,,,,,,,
7/26/25,4.3,,1.74394,,,,,,,,,,,,,,,,,
7/27/25,4.3,,1.74394,,,,,,,,,,,,,,,,,
7/28/25,4.3,,1.74394,,,,,,,,,,,,,,,,,
7/29/25,4.28,,1.74394,,,,,,,,,,,,,,,,,
7/30/25,4.28,,1.74394,,,,,,,,,,,,,,,,,
7/31/25,4.28,,1.74394,,,,,,,,,,,,,,,,,
8/1/25,4.3,,1.74394,,,,,,,,,,,,,,,,,
8/2/25,4.36,,1.74394,,,,,,,,,,,,,,,,,
8/3/25,4.36,,1.74394,,,,,,,,,,,,,,,,,
8/4/25,4.36,,1.74394,,,,,,,,,,,,,,,,,
8/5/25,4.36,,1.74394,,,,,,,,,,,,,,,,,
8/6/25,4.36,,1.74394,,,,,,,,,,,,,,,,,
8/7/25,4.32,,1.74394,,,,,,,,,,,,,,,,,
8/8/25,4.39,,1.74394,,,,,,,,,,,,,,,,,
8/9/25,4.34,,1.74394,,,,,,,,,,,,,,,,,
8/10/25,4.34,,1.74394,,,,,,,,,,,,,,,,,
8/11/25,4.34,,1.74394,,,,,,,,,,,,,,,,,
8/12/25,4.33,,1.74394,,,,,,,,,,,,,,,,,
8/13/25,4.34,,1.74394,,,,,,,,,,,,,,,,,
8/14/25,4.34,,1.74394,,,,,,,,,,,,,,,,,
8/15/25,4.35,,1.74394,,,,,,,,,,,,,,,,,
8/16/25,4.35,,1.71,,,,,,,,,,,,,,,,,
8/17/25,4.35,,1.71,,,,,,,,,,,,,,,,,
8/18/25,4.35,,1.714439,,,,,,,,,,,,,,,,,
8/19/25,4.34,,1.714439,,,,,,,,,,,,,,,,,
8/20/25,4.36,,1.714439,,,,,,,,,,,,,,,,,
8/21/25,4.33,,1.714439,,,,,,,,,,,,,,,,,
8/22/25,4.34,,1.714439,,,,,,,,,,,,,,,,,
8/23/25,4.36,,1.714439,,,,,,,,,,,,,,,,,
8/24/25,4.36,,1.714439,,,,,,,,,,,,,,,,,
8/25/25,4.36,,1.714439,,,,,,,,,,,,,,,,,
8/26/25,4.34,,1.714439,,,,,,,,,,,,,,,,,
8/27/25,4.33,,1.714439,,,,,,,,,,,,,,,,,
8/28/25,4.31,,1.714439,,,,,,,,,,,,,,,,,
8/29/25,4.32,,1.714439,,,,,,,,,,,,,,,,,
8/30/25,4.36,,1.714439,,,,,,,,,,,,,,,,,
8/31/25,4.36,,1.714439,,,,,,,,,,,,,,,,,
9/1/25,4.36,,1.714439,,,,,,,,,,,,,,,,,
9/2/25,4.36,,1.714439,,,,,,,,,,,,,,,,,
9/3/25,4.37,,1.714439,,,,,,,,,,,,,,,,,
9/4/25,4.38,,1.714439,,,,,,,,,,,,,,,,,
9/5/25,4.36,,1.714439,,,,,,,,,,,,,,,,,
9/6/25,4.34,,1.714439,,,,,,,,,,,,,,,,,
9/7/25,4.34,,1.714439,,,,,,,,,,,,,,,,,
9/8/25,4.34,,1.714439,,,,,,,,,,,,,,,,,
9/9/25,4.34,,1.714439,,,,,,,,,,,,,,,,,
9/10/25,4.39,,1.714439,,,,,,,,,,,,,,,,,
9/11/25,4.39,,1.714439,,,,,,,,,,,,,,,,,
9/12/25,4.41,,1.714439,,,,,,,,,,,,,,,,,
9/13/25,4.42,,1.714439,,,,,,,,,,,,,,,,,
9/14/25,4.42,,1.714439,,,,,,,,,,,,,,,,,
9/15/25,4.42,,1.714439,,,,,,,,,,,,,,,,,
9/16/25,4.4,,1.62909,,,,,,,,,,,,,,,,,
9/17/25,4.4,,1.62909,,,,,,,,,,,,,,,,,
9/18/25,4.39,,1.62909,,,,,,,,,,,,,,,,,
9/19/25,4.41,,1.62909,,,,,,,,,,,,,,,,,
9/20/25,4.42,,1.62909,,,,,,,,,,,,,,,,,
9/21/25,4.42,,1.62909,,,,,,,,,,,,,,,,,
9/22/25,4.42,,1.634651,,,,,,,,,,,,,,,,,
9/23/25,4.51,,1.634651,,,,,,,,,,,,,,,,,
9/24/25,4.39,,1.634651,,,,,,,,,,,,,,,,,
9/25/25,4.38,,1.634651,,,,,,,,,,,,,,,,,
9/26/25,4.14,,1.634651,,,,,,,,,,,,,,,,,
9/27/25,4.14,,1.634651,,,,,,,,,,,,,,,,,
9/28/25,4.14,,1.634651,,,,,,,,,,,,,,,,,
9/29/25,4.14,,1.636442,,,,,,,,,,,,,,,,,
9/30/25,4.14,,1.636442,,,,,,,,,,,,,,,,,
10/1/25,4.12,,1.636442,,,,,,,,,,,,,,,,,
10/2/25,4.13,,1.636442,,,,,,,,,,,,,,,,,
10/3/25,4.18,,1.636442,,,,,,,,,,,,,,,,,
10/4/25,4.16,,1.636442,,,,,,,,,,,,,,,,,
10/5/25,4.16,,1.636442,,,,,,,,,,,,,,,,,
10/6/25,4.16,,1.636442,,,,,,,,,,,,,,,,,
10/7/25,4.13,,1.636442,,,,,,,,,,,,,,,,,
10/8/25,4.24,,1.636442,,,,,,,,,,,,,,,,,
10/9/25,4.2,,1.636442,,,,,,,,,,,,,,,,,
10/10/25,4.2,,1.636442,,,,,,,,,,,,,,,,,
10/11/25,4.18,,1.636442,,,,,,,,,,,,,,,,,
10/12/25,4.18,,1.636442,,,,,,,,,,,,,,,,,
10/13/25,4.18,,1.636442,,,,,,,,,,,,,,,,,
10/14/25,4.18,,1.636442,,,,,,,,,,,,,,,,,
10/15/25,4.15,,1.636442,,,,,,,,,,,,,,,,,
10/16/25,4.14,,1.72879,,,,,,,,,,,,,,,,,
10/17/25,4.12,,1.72879,,,,,,,,,,,,,,,,,
10/18/25,4.13,,1.72879,,,,,,,,,,,,,,,,,
10/19/25,4.13,,1.72879,,,,,,,,,,,,,,,,,
10/20/25,4.13,,1.72879,,,,,,,,,,,,,,,,,
10/21/25,4.15,,1.72879,,,,,,,,,,,,,,,,,
10/22/25,4.19,,1.72879,,,,,,,,,,,,,,,,,
10/23/25,4.29,,1.72879,,,,,,,,,,,,,,,,,
10/24/25,4.3,,1.72879,,,,,,,,,,,,,,,,,
10/25/25,4.18,,1.72879,,,,,,,,,,,,,,,,,
10/26/25,4.18,,1.72879,,,,,,,,,,,,,,,,,
10/27/25,4.18,,1.72879,,,,,,,,,,,,,,,,,
10/28/25,4.16,,1.72879,,,11/9/25,11/7/25 0:00,F-HKYLHQGL-39736,Repayment,FP0057,USD,1296.16,56.65,0,0,1352.81,1.92,,,problem: 20.58
10/29/25,4.23,,1.72879,,,,,,,,,,,,,,,,,
10/30/25,4.21,,1.72879,,,,,,,,,,,,,,,,,
10/31/25,4.24,,1.72879,,,,,,,,,,,,,,,,,
11/1/25,4.24,,1.72879,,,,,,,,,,,,,,,,,
11/2/25,4.24,,1.72879,,,,,,,,,,,,,,,,,
11/3/25,4.24,,1.72879,,,,,,,,,,,,,,,,,
11/4/25,4.27,,1.72879,,,,,,,,,,,,,,,,,
11/5/25,4.31,,1.72879,,,,,,,,,,,,,,,,,
11/6/25,4.27,,1.72879,,,,,,,,,,,,,,,,,
11/7/25,4.04,,1.72879,,,,,,,,,,,,,,,,,
11/8/25,4.22,,1.72879,,,,,,,,,,,,,,,,,
11/9/25,4.22,,1.72879,,,,,,,,,,,,,,,,,
11/10/25,4.22,,1.72879,,,,,,,,,,,,,,,,,
11/11/25,4.13,,1.72879,,,,,,,,,,,,,,,,,
11/12/25,4.13,,1.72879,,,,,,,,,,,,,,,,,
11/13/25,4,,1.72879,,,,,,,,,,,,,,,,,
11/14/25,3.91,,1.72879,,,,,,,,,,,,,,,,,
11/15/25,3.92,,1.72879,,,,,,,,,,,,,,,,,
11/16/25,3.92,,1.72879,,,,,,,,,,,,,,,,,
11/17/25,3.92,,1.72879,,,,,,,,,,,,,,,,,